set echo on;
set timing on;

set linesize 200
set underline =

-- spooling the output and SQL codes to a text file --  
             
spool projectDBinsert.txt;


insert into Spring23_S003_12_vendor (Vendor_ID, Vendor_location) values ('V1-043', '5 Hanover Center');
insert into Spring23_S003_12_vendor (Vendor_ID, Vendor_location) values ('V1-441', '123 Arapahoe Circle');
insert into Spring23_S003_12_vendor (Vendor_ID, Vendor_location) values ('V8-769', '4585 Fairview Road');
insert into Spring23_S003_12_vendor (Vendor_ID, Vendor_location) values ('V7-456', '77467 Colorado Street');
insert into Spring23_S003_12_vendor (Vendor_ID, Vendor_location) values ('V8-197', '6130 Rigney Trail');
insert into Spring23_S003_12_vendor (Vendor_ID, Vendor_location) values ('V2-278', '8635 Linden Drive');
insert into Spring23_S003_12_vendor (Vendor_ID, Vendor_location) values ('V5-180', '8 Union Trail');
insert into Spring23_S003_12_vendor (Vendor_ID, Vendor_location) values ('V8-445', '7 Spaight Place');
insert into Spring23_S003_12_vendor (Vendor_ID, Vendor_location) values ('V6-577', '417 Charing Cross Lane');
insert into Spring23_S003_12_vendor (Vendor_ID, Vendor_location) values ('V5-286', '99 Green Ridge Point');
insert into Spring23_S003_12_vendor (Vendor_ID, Vendor_location) values ('V8-480', '6 Mariners Cove Crossing');
insert into Spring23_S003_12_vendor (Vendor_ID, Vendor_location) values ('V1-626', '46542 Duke Street');
insert into Spring23_S003_12_vendor (Vendor_ID, Vendor_location) values ('V0-875', '94800 Esker Point');
insert into Spring23_S003_12_vendor (Vendor_ID, Vendor_location) values ('V4-644', '6047 Logan Street');
insert into Spring23_S003_12_vendor (Vendor_ID, Vendor_location) values ('V2-993', '63944 Algoma Park');
insert into Spring23_S003_12_vendor (Vendor_ID, Vendor_location) values ('V2-373', '9 Dixon Terrace');
insert into Spring23_S003_12_vendor (Vendor_ID, Vendor_location) values ('V3-090', '967 Mayer Plaza');
insert into Spring23_S003_12_vendor (Vendor_ID, Vendor_location) values ('V8-372', '49540 Maple Terrace');
insert into Spring23_S003_12_vendor (Vendor_ID, Vendor_location) values ('V3-517', '79191 Dixon Road');
insert into Spring23_S003_12_vendor (Vendor_ID, Vendor_location) values ('V2-178', '9 Scoville Plaza');
insert into Spring23_S003_12_vendor (Vendor_ID, Vendor_location) values ('V1-324', '1 Green Ridge Trail');
insert into Spring23_S003_12_vendor (Vendor_ID, Vendor_location) values ('V0-279', '36631 Calypso Circle');
insert into Spring23_S003_12_vendor (Vendor_ID, Vendor_location) values ('V5-929', '685 Dexter Center');
insert into Spring23_S003_12_vendor (Vendor_ID, Vendor_location) values ('V5-580', '940 7th Parkway');
insert into Spring23_S003_12_vendor (Vendor_ID, Vendor_location) values ('V1-019', '70335 Warrior Drive');
insert into Spring23_S003_12_vendor (Vendor_ID, Vendor_location) values ('V9-502', '565 Manitowish Circle');
insert into Spring23_S003_12_vendor (Vendor_ID, Vendor_location) values ('V3-148', '1 Waywood Lane');
insert into Spring23_S003_12_vendor (Vendor_ID, Vendor_location) values ('V9-775', '7 Straubel Drive');
insert into Spring23_S003_12_vendor (Vendor_ID, Vendor_location) values ('V0-693', '9 Dixon Terrace');
insert into Spring23_S003_12_vendor (Vendor_ID, Vendor_location) values ('V1-238', '685 Dexter Center');
insert into Spring23_S003_12_vendor (Vendor_ID, Vendor_location) values ('V9-593', '8 Union Trail');
insert into Spring23_S003_12_vendor (Vendor_ID, Vendor_location) values ('V3-364', '52507 Lakewood Terrace');
insert into Spring23_S003_12_vendor (Vendor_ID, Vendor_location) values ('V5-044', '282 Waxwing Place');
insert into Spring23_S003_12_vendor (Vendor_ID, Vendor_location) values ('V8-818', '7 Spaight Place');
insert into Spring23_S003_12_vendor (Vendor_ID, Vendor_location) values ('V9-689', '92388 Canary Parkway');
insert into Spring23_S003_12_vendor (Vendor_ID, Vendor_location) values ('V7-888', '3062 Shasta Street');
insert into Spring23_S003_12_vendor (Vendor_ID, Vendor_location) values ('V8-711', '99 Green Ridge Point');
insert into Spring23_S003_12_vendor (Vendor_ID, Vendor_location) values ('V8-527', '7 Straubel Drive');
insert into Spring23_S003_12_vendor (Vendor_ID, Vendor_location) values ('V9-669', '120 Laurel Alley');
insert into Spring23_S003_12_vendor (Vendor_ID, Vendor_location) values ('V7-251', '11332 Trailsway Point');
insert into Spring23_S003_12_vendor (Vendor_ID, Vendor_location) values ('V0-617', '1 Waywood Lane');
insert into Spring23_S003_12_vendor (Vendor_ID, Vendor_location) values ('V0-371', '319 Twin Pines Crossing');
insert into Spring23_S003_12_vendor (Vendor_ID, Vendor_location) values ('V6-935', '464 Judy Park');
insert into Spring23_S003_12_vendor (Vendor_ID, Vendor_location) values ('V4-867', '565 Manitowish Circle');
insert into Spring23_S003_12_vendor (Vendor_ID, Vendor_location) values ('V3-446', '7680 Service Park');
insert into Spring23_S003_12_vendor (Vendor_ID, Vendor_location) values ('V3-350', '52507 Lakewood Terrace');
insert into Spring23_S003_12_vendor (Vendor_ID, Vendor_location) values ('V7-934', '4585 Fairview Road');
insert into Spring23_S003_12_vendor (Vendor_ID, Vendor_location) values ('V7-206', '9 Scoville Plaza');
insert into Spring23_S003_12_vendor (Vendor_ID, Vendor_location) values ('V1-015', '4585 Fairview Road');
insert into Spring23_S003_12_vendor (Vendor_ID, Vendor_location) values ('V6-881', '11332 Trailsway Point');
insert into Spring23_S003_12_vendor (Vendor_ID, Vendor_location) values ('V1-149', '3103 Old Gate Point');
insert into Spring23_S003_12_vendor (Vendor_ID, Vendor_location) values ('V0-107', '9 Scoville Plaza');
insert into Spring23_S003_12_vendor (Vendor_ID, Vendor_location) values ('V5-751', '13 Iowa Drive');
insert into Spring23_S003_12_vendor (Vendor_ID, Vendor_location) values ('V0-303', '7680 Service Park');
insert into Spring23_S003_12_vendor (Vendor_ID, Vendor_location) values ('V4-819', '309 Mallard Plaza');
insert into Spring23_S003_12_vendor (Vendor_ID, Vendor_location) values ('V5-146', '4585 Fairview Road');
insert into Spring23_S003_12_vendor (Vendor_ID, Vendor_location) values ('V5-009', '7680 Service Park');
insert into Spring23_S003_12_vendor (Vendor_ID, Vendor_location) values ('V1-125', '69 2nd Point');
insert into Spring23_S003_12_vendor (Vendor_ID, Vendor_location) values ('V0-300', '79191 Dixon Road');
insert into Spring23_S003_12_vendor (Vendor_ID, Vendor_location) values ('V7-309', '30 Elka Trail');
insert into Spring23_S003_12_vendor (Vendor_ID, Vendor_location) values ('V4-117', '40 Londonderry Avenue');
insert into Spring23_S003_12_vendor (Vendor_ID, Vendor_location) values ('V6-463', '46542 Duke Street');
insert into Spring23_S003_12_vendor (Vendor_ID, Vendor_location) values ('V7-797', '6229 Vermont Alley');
insert into Spring23_S003_12_vendor (Vendor_ID, Vendor_location) values ('V6-792', '1 Waywood Lane');






insert into Spring23_S003_12_Warehouse2 (warehouse_location, zipcode) values ('6088 Stephen Way', '95420');
insert into Spring23_S003_12_Warehouse2 (warehouse_location, zipcode) values ('1 Ronald Regan Junction', '75564');
insert into Spring23_S003_12_Warehouse2 (warehouse_location, zipcode) values ('753 Carey Plaza', '75971');
insert into Spring23_S003_12_Warehouse2 (warehouse_location, zipcode) values ('743 Sullivan Park', '75764');
insert into Spring23_S003_12_Warehouse2 (warehouse_location, zipcode) values ('7 Nevada Point', '75263');
insert into Spring23_S003_12_Warehouse2 (warehouse_location, zipcode) values ('77304 Riverside Park', '95786');
insert into Spring23_S003_12_Warehouse2 (warehouse_location, zipcode) values ('352 Crowley Plaza', '95099');
insert into Spring23_S003_12_Warehouse2 (warehouse_location, zipcode) values ('7775 Tennyson Alley', '95420');
insert into Spring23_S003_12_Warehouse2 (warehouse_location, zipcode) values ('61 Kedzie Avenue', '75421');
insert into Spring23_S003_12_Warehouse2 (warehouse_location, zipcode) values ('0145 Shopko Center', '95825');
insert into Spring23_S003_12_Warehouse2 (warehouse_location, zipcode) values ('9 Ilene Parkway', '75564');
insert into Spring23_S003_12_Warehouse2 (warehouse_location, zipcode) values ('9 Dahle Pass', '91207');
insert into Spring23_S003_12_Warehouse2 (warehouse_location, zipcode) values ('9 Grim Center', '75263');
insert into Spring23_S003_12_Warehouse2 (warehouse_location, zipcode) values ('48434 Hanover Junction', '75971');
insert into Spring23_S003_12_Warehouse2 (warehouse_location, zipcode) values ('7 Spaight Trail', '75421');
insert into Spring23_S003_12_Warehouse2 (warehouse_location, zipcode) values ('8 Autumn Leaf Drive', '75829');
insert into Spring23_S003_12_Warehouse2 (warehouse_location, zipcode) values ('20266 Shelley Road', '75564');
insert into Spring23_S003_12_Warehouse2 (warehouse_location, zipcode) values ('1 Talisman Street', '95405');
insert into Spring23_S003_12_Warehouse2 (warehouse_location, zipcode) values ('27 Meadow Ridge Way', '75564');
insert into Spring23_S003_12_Warehouse2 (warehouse_location, zipcode) values ('2335 Meadow Valley Place', '75263');
insert into Spring23_S003_12_Warehouse2 (warehouse_location, zipcode) values ('1017 Crescent Oaks Trail', '75652');
insert into Spring23_S003_12_Warehouse2 (warehouse_location, zipcode) values ('97 Washington Drive', '95307');
insert into Spring23_S003_12_Warehouse2 (warehouse_location, zipcode) values ('66 Weeping Birch Trail', '95099');
insert into Spring23_S003_12_Warehouse2 (warehouse_location, zipcode) values ('74 Lunder Avenue', '91924');
insert into Spring23_S003_12_Warehouse2 (warehouse_location, zipcode) values ('782 Porter Pass', '95357');
insert into Spring23_S003_12_Warehouse2 (warehouse_location, zipcode) values ('3490 Old Shore Road', '91752');
insert into Spring23_S003_12_Warehouse2 (warehouse_location, zipcode) values ('2093 Brentwood Trail', '95420');
insert into Spring23_S003_12_Warehouse2 (warehouse_location, zipcode) values ('3597 Crest Line Junction', '75971');
insert into Spring23_S003_12_Warehouse2 (warehouse_location, zipcode) values ('3 Trailsway Way', '95357');
insert into Spring23_S003_12_Warehouse2 (warehouse_location, zipcode) values ('2698 Union Center', '75790');
insert into Spring23_S003_12_Warehouse2 (warehouse_location, zipcode) values ('29 Magdeline Drive', '91229');
insert into Spring23_S003_12_Warehouse2 (warehouse_location, zipcode) values ('24 Maryland Center', '95650');
insert into Spring23_S003_12_Warehouse2 (warehouse_location, zipcode) values ('18518 Monica Crossing', '91207');
insert into Spring23_S003_12_Warehouse2 (warehouse_location, zipcode) values ('256 Di Loreto Center', '95786');
insert into Spring23_S003_12_Warehouse2 (warehouse_location, zipcode) values ('062 Northwestern Junction', '95252');
insert into Spring23_S003_12_Warehouse2 (warehouse_location, zipcode) values ('25 Hooker Center', '95420');
insert into Spring23_S003_12_Warehouse2 (warehouse_location, zipcode) values ('5770 Scoville Terrace', '75652');
insert into Spring23_S003_12_Warehouse2 (warehouse_location, zipcode) values ('987 Bobwhite Court', '95650');
insert into Spring23_S003_12_Warehouse2 (warehouse_location, zipcode) values ('09 7th Alley', '75263');
insert into Spring23_S003_12_Warehouse2 (warehouse_location, zipcode) values ('45 Anzinger Street', '95420');
insert into Spring23_S003_12_Warehouse2 (warehouse_location, zipcode) values ('1300 Barby Street', '95405');
insert into Spring23_S003_12_Warehouse2 (warehouse_location, zipcode) values ('21 Lakeland Circle', '75564');
insert into Spring23_S003_12_Warehouse2 (warehouse_location, zipcode) values ('3 Leroy Parkway', '95252');
insert into Spring23_S003_12_Warehouse2 (warehouse_location, zipcode) values ('299 La Follette Place', '75829');
insert into Spring23_S003_12_Warehouse2 (warehouse_location, zipcode) values ('0 Schlimgen Hill', '75263');
insert into Spring23_S003_12_Warehouse2 (warehouse_location, zipcode) values ('649 Judy Terrace', '91207');
insert into Spring23_S003_12_Warehouse2 (warehouse_location, zipcode) values ('0505 Artisan Point', '75971');
insert into Spring23_S003_12_Warehouse2 (warehouse_location, zipcode) values ('04933 Hazelcrest Plaza', '95405');
insert into Spring23_S003_12_Warehouse2 (warehouse_location, zipcode) values ('8 Hanover Court', '95307');
insert into Spring23_S003_12_Warehouse2 (warehouse_location, zipcode) values ('7 Birchwood Trail', '91229');
insert into Spring23_S003_12_Warehouse2 (warehouse_location, zipcode) values ('706 Starling Lane', '75421');






insert into Spring23_S003_12_Warehouse1 (Warehouse_ID, warehouse_location) values ('WARE-b596', '782 Porter Pass');
insert into Spring23_S003_12_Warehouse1 (Warehouse_ID, warehouse_location) values ('WARE-W628', '0145 Shopko Center');
insert into Spring23_S003_12_Warehouse1 (Warehouse_ID, warehouse_location) values ('WARE-7031', '8 Hanover Court');
insert into Spring23_S003_12_Warehouse1 (Warehouse_ID, warehouse_location) values ('WARE-a687', '18518 Monica Crossing');
insert into Spring23_S003_12_Warehouse1 (Warehouse_ID, warehouse_location) values ('WARE-a529', '3 Trailsway Way');
insert into Spring23_S003_12_Warehouse1 (Warehouse_ID, warehouse_location) values ('WARE-9089', '7 Spaight Trail');
insert into Spring23_S003_12_Warehouse1 (Warehouse_ID, warehouse_location) values ('WARE-k420', '1 Ronald Regan Junction');
insert into Spring23_S003_12_Warehouse1 (Warehouse_ID, warehouse_location) values ('WARE-v876', '649 Judy Terrace');
insert into Spring23_S003_12_Warehouse1 (Warehouse_ID, warehouse_location) values ('WARE-P511', '352 Crowley Plaza');
insert into Spring23_S003_12_Warehouse1 (Warehouse_ID, warehouse_location) values ('WARE-q406', '3 Leroy Parkway');
insert into Spring23_S003_12_Warehouse1 (Warehouse_ID, warehouse_location) values ('WARE-b147', '9 Grim Center');
insert into Spring23_S003_12_Warehouse1 (Warehouse_ID, warehouse_location) values ('WARE-0969', '753 Carey Plaza');
insert into Spring23_S003_12_Warehouse1 (Warehouse_ID, warehouse_location) values ('WARE-P817', '45 Anzinger Street');
insert into Spring23_S003_12_Warehouse1 (Warehouse_ID, warehouse_location) values ('WARE-p686', '5770 Scoville Terrace');
insert into Spring23_S003_12_Warehouse1 (Warehouse_ID, warehouse_location) values ('WARE-P461', '1 Talisman Street');
insert into Spring23_S003_12_Warehouse1 (Warehouse_ID, warehouse_location) values ('WARE-4907', '743 Sullivan Park');
insert into Spring23_S003_12_Warehouse1 (Warehouse_ID, warehouse_location) values ('WARE-O053', '1300 Barby Street');
insert into Spring23_S003_12_Warehouse1 (Warehouse_ID, warehouse_location) values ('WARE-G621', '7 Nevada Point');
insert into Spring23_S003_12_Warehouse1 (Warehouse_ID, warehouse_location) values ('WARE-a904', '706 Starling Lane');
insert into Spring23_S003_12_Warehouse1 (Warehouse_ID, warehouse_location) values ('WARE-b181', '9 Grim Center');
insert into Spring23_S003_12_Warehouse1 (Warehouse_ID, warehouse_location) values ('WARE-w718', '1 Talisman Street');
insert into Spring23_S003_12_Warehouse1 (Warehouse_ID, warehouse_location) values ('WARE-A567', '45 Anzinger Street');
insert into Spring23_S003_12_Warehouse1 (Warehouse_ID, warehouse_location) values ('WARE-A746', '299 La Follette Place');
insert into Spring23_S003_12_Warehouse1 (Warehouse_ID, warehouse_location) values ('WARE-0675', '2698 Union Center');
insert into Spring23_S003_12_Warehouse1 (Warehouse_ID, warehouse_location) values ('WARE-7627', '9 Grim Center');
insert into Spring23_S003_12_Warehouse1 (Warehouse_ID, warehouse_location) values ('WARE-7474', '45 Anzinger Street');
insert into Spring23_S003_12_Warehouse1 (Warehouse_ID, warehouse_location) values ('WARE-J229', '706 Starling Lane');
insert into Spring23_S003_12_Warehouse1 (Warehouse_ID, warehouse_location) values ('WARE-I205', '7 Spaight Trail');
insert into Spring23_S003_12_Warehouse1 (Warehouse_ID, warehouse_location) values ('WARE-k260', '753 Carey Plaza');
insert into Spring23_S003_12_Warehouse1 (Warehouse_ID, warehouse_location) values ('WARE-L226', '782 Porter Pass');
insert into Spring23_S003_12_Warehouse1 (Warehouse_ID, warehouse_location) values ('WARE-h361', '1017 Crescent Oaks Trail');
insert into Spring23_S003_12_Warehouse1 (Warehouse_ID, warehouse_location) values ('WARE-4463', '2335 Meadow Valley Place');
insert into Spring23_S003_12_Warehouse1 (Warehouse_ID, warehouse_location) values ('WARE-T800', '3 Trailsway Way');
insert into Spring23_S003_12_Warehouse1 (Warehouse_ID, warehouse_location) values ('WARE-Y685', '7 Spaight Trail');
insert into Spring23_S003_12_Warehouse1 (Warehouse_ID, warehouse_location) values ('WARE-H877', '782 Porter Pass');
insert into Spring23_S003_12_Warehouse1 (Warehouse_ID, warehouse_location) values ('WARE-3499', '29 Magdeline Drive');
insert into Spring23_S003_12_Warehouse1 (Warehouse_ID, warehouse_location) values ('WARE-k509', '299 La Follette Place');
insert into Spring23_S003_12_Warehouse1 (Warehouse_ID, warehouse_location) values ('WARE-t934', '7 Spaight Trail');
insert into Spring23_S003_12_Warehouse1 (Warehouse_ID, warehouse_location) values ('WARE-U398', '706 Starling Lane');
insert into Spring23_S003_12_Warehouse1 (Warehouse_ID, warehouse_location) values ('WARE-m198', '7 Spaight Trail');
insert into Spring23_S003_12_Warehouse1 (Warehouse_ID, warehouse_location) values ('WARE-I575', '062 Northwestern Junction');
insert into Spring23_S003_12_Warehouse1 (Warehouse_ID, warehouse_location) values ('WARE-W514', '256 Di Loreto Center');
insert into Spring23_S003_12_Warehouse1 (Warehouse_ID, warehouse_location) values ('WARE-T898', '74 Lunder Avenue');
insert into Spring23_S003_12_Warehouse1 (Warehouse_ID, warehouse_location) values ('WARE-R733', '2335 Meadow Valley Place');
insert into Spring23_S003_12_Warehouse1 (Warehouse_ID, warehouse_location) values ('WARE-z052', '20266 Shelley Road');
insert into Spring23_S003_12_Warehouse1 (Warehouse_ID, warehouse_location) values ('WARE-N046', '48434 Hanover Junction');
insert into Spring23_S003_12_Warehouse1 (Warehouse_ID, warehouse_location) values ('WARE-s134', '97 Washington Drive');
insert into Spring23_S003_12_Warehouse1 (Warehouse_ID, warehouse_location) values ('WARE-t402', '2698 Union Center');
insert into Spring23_S003_12_Warehouse1 (Warehouse_ID, warehouse_location) values ('WARE-f496', '66 Weeping Birch Trail');
insert into Spring23_S003_12_Warehouse1 (Warehouse_ID, warehouse_location) values ('WARE-n180', '2335 Meadow Valley Place');
insert into Spring23_S003_12_Warehouse1 (Warehouse_ID, warehouse_location) values ('WARE-R445', '256 Di Loreto Center');
insert into Spring23_S003_12_Warehouse1 (Warehouse_ID, warehouse_location) values ('WARE-w865', '0145 Shopko Center');
insert into Spring23_S003_12_Warehouse1 (Warehouse_ID, warehouse_location) values ('WARE-i337', '352 Crowley Plaza');
insert into Spring23_S003_12_Warehouse1 (Warehouse_ID, warehouse_location) values ('WARE-R718', '987 Bobwhite Court');






insert into Spring23_S003_12_vendor_warehouse (Vendor_ID, Warehouse_ID) values ('V2-178', 'WARE-9089');
insert into Spring23_S003_12_vendor_warehouse (Vendor_ID, Warehouse_ID) values ('V6-577', 'WARE-p686');
insert into Spring23_S003_12_vendor_warehouse (Vendor_ID, Warehouse_ID) values ('V7-797', 'WARE-k260');
insert into Spring23_S003_12_vendor_warehouse (Vendor_ID, Warehouse_ID) values ('V1-125', 'WARE-t934');
insert into Spring23_S003_12_vendor_warehouse (Vendor_ID, Warehouse_ID) values ('V9-775', 'WARE-n180');
insert into Spring23_S003_12_vendor_warehouse (Vendor_ID, Warehouse_ID) values ('V5-751', 'WARE-P461');
insert into Spring23_S003_12_vendor_warehouse (Vendor_ID, Warehouse_ID) values ('V4-644', 'WARE-P461');
insert into Spring23_S003_12_vendor_warehouse (Vendor_ID, Warehouse_ID) values ('V5-929', 'WARE-z052');
insert into Spring23_S003_12_vendor_warehouse (Vendor_ID, Warehouse_ID) values ('V1-238', 'WARE-w718');
insert into Spring23_S003_12_vendor_warehouse (Vendor_ID, Warehouse_ID) values ('V7-456', 'WARE-P461');
insert into Spring23_S003_12_vendor_warehouse (Vendor_ID, Warehouse_ID) values ('V6-463', 'WARE-b596');
insert into Spring23_S003_12_vendor_warehouse (Vendor_ID, Warehouse_ID) values ('V4-867', 'WARE-b147');
insert into Spring23_S003_12_vendor_warehouse (Vendor_ID, Warehouse_ID) values ('V7-206', 'WARE-s134');
insert into Spring23_S003_12_vendor_warehouse (Vendor_ID, Warehouse_ID) values ('V8-711', 'WARE-b596');
insert into Spring23_S003_12_vendor_warehouse (Vendor_ID, Warehouse_ID) values ('V1-043', 'WARE-z052');
insert into Spring23_S003_12_vendor_warehouse (Vendor_ID, Warehouse_ID) values ('V8-480', 'WARE-a687');
insert into Spring23_S003_12_vendor_warehouse (Vendor_ID, Warehouse_ID) values ('V4-117', 'WARE-P461');
insert into Spring23_S003_12_vendor_warehouse (Vendor_ID, Warehouse_ID) values ('V0-279', 'WARE-b147');
insert into Spring23_S003_12_vendor_warehouse (Vendor_ID, Warehouse_ID) values ('V3-090', 'WARE-W628');
insert into Spring23_S003_12_vendor_warehouse (Vendor_ID, Warehouse_ID) values ('V1-324', 'WARE-7627');
insert into Spring23_S003_12_vendor_warehouse (Vendor_ID, Warehouse_ID) values ('V8-818', 'WARE-W514');
insert into Spring23_S003_12_vendor_warehouse (Vendor_ID, Warehouse_ID) values ('V0-300', 'WARE-k260');
insert into Spring23_S003_12_vendor_warehouse (Vendor_ID, Warehouse_ID) values ('V9-669', 'WARE-P817');
insert into Spring23_S003_12_vendor_warehouse (Vendor_ID, Warehouse_ID) values ('V1-019', 'WARE-G621');
insert into Spring23_S003_12_vendor_warehouse (Vendor_ID, Warehouse_ID) values ('V8-197', 'WARE-i337');
insert into Spring23_S003_12_vendor_warehouse (Vendor_ID, Warehouse_ID) values ('V5-286', 'WARE-q406');
insert into Spring23_S003_12_vendor_warehouse (Vendor_ID, Warehouse_ID) values ('V9-593', 'WARE-s134');
insert into Spring23_S003_12_vendor_warehouse (Vendor_ID, Warehouse_ID) values ('V1-149', 'WARE-b596');
insert into Spring23_S003_12_vendor_warehouse (Vendor_ID, Warehouse_ID) values ('V3-446', 'WARE-Y685');
insert into Spring23_S003_12_vendor_warehouse (Vendor_ID, Warehouse_ID) values ('V2-373', 'WARE-R733');
insert into Spring23_S003_12_vendor_warehouse (Vendor_ID, Warehouse_ID) values ('V8-527', 'WARE-I205');
insert into Spring23_S003_12_vendor_warehouse (Vendor_ID, Warehouse_ID) values ('V8-445', 'WARE-N046');
insert into Spring23_S003_12_vendor_warehouse (Vendor_ID, Warehouse_ID) values ('V0-693', 'WARE-a687');
insert into Spring23_S003_12_vendor_warehouse (Vendor_ID, Warehouse_ID) values ('V3-350', 'WARE-N046');
insert into Spring23_S003_12_vendor_warehouse (Vendor_ID, Warehouse_ID) values ('V5-580', 'WARE-m198');
insert into Spring23_S003_12_vendor_warehouse (Vendor_ID, Warehouse_ID) values ('V6-881', 'WARE-4463');
insert into Spring23_S003_12_vendor_warehouse (Vendor_ID, Warehouse_ID) values ('V1-626', 'WARE-T800');
insert into Spring23_S003_12_vendor_warehouse (Vendor_ID, Warehouse_ID) values ('V2-993', 'WARE-A567');
insert into Spring23_S003_12_vendor_warehouse (Vendor_ID, Warehouse_ID) values ('V5-180', 'WARE-t402');
insert into Spring23_S003_12_vendor_warehouse (Vendor_ID, Warehouse_ID) values ('V8-372', 'WARE-k509');
insert into Spring23_S003_12_vendor_warehouse (Vendor_ID, Warehouse_ID) values ('V7-309', 'WARE-R733');
insert into Spring23_S003_12_vendor_warehouse (Vendor_ID, Warehouse_ID) values ('V9-689', 'WARE-q406');
insert into Spring23_S003_12_vendor_warehouse (Vendor_ID, Warehouse_ID) values ('V6-792', 'WARE-P511');
insert into Spring23_S003_12_vendor_warehouse (Vendor_ID, Warehouse_ID) values ('V0-617', 'WARE-0675');
insert into Spring23_S003_12_vendor_warehouse (Vendor_ID, Warehouse_ID) values ('V3-364', 'WARE-k509');
insert into Spring23_S003_12_vendor_warehouse (Vendor_ID, Warehouse_ID) values ('V1-441', 'WARE-w718');
insert into Spring23_S003_12_vendor_warehouse (Vendor_ID, Warehouse_ID) values ('V6-935', 'WARE-m198');
insert into Spring23_S003_12_vendor_warehouse (Vendor_ID, Warehouse_ID) values ('V7-251', 'WARE-3499');
insert into Spring23_S003_12_vendor_warehouse (Vendor_ID, Warehouse_ID) values ('V5-009', 'WARE-7627');
insert into Spring23_S003_12_vendor_warehouse (Vendor_ID, Warehouse_ID) values ('V0-107', 'WARE-U398');
insert into Spring23_S003_12_vendor_warehouse (Vendor_ID, Warehouse_ID) values ('V2-278', 'WARE-a904');
insert into Spring23_S003_12_vendor_warehouse (Vendor_ID, Warehouse_ID) values ('V7-888', 'WARE-J229');
insert into Spring23_S003_12_vendor_warehouse (Vendor_ID, Warehouse_ID) values ('V8-769', 'WARE-b596');
insert into Spring23_S003_12_vendor_warehouse (Vendor_ID, Warehouse_ID) values ('V1-015', 'WARE-T800');
insert into Spring23_S003_12_vendor_warehouse (Vendor_ID, Warehouse_ID) values ('V3-148', 'WARE-f496');
insert into Spring23_S003_12_vendor_warehouse (Vendor_ID, Warehouse_ID) values ('V0-371', 'WARE-T800');
insert into Spring23_S003_12_vendor_warehouse (Vendor_ID, Warehouse_ID) values ('V5-146', 'WARE-O053');
insert into Spring23_S003_12_vendor_warehouse (Vendor_ID, Warehouse_ID) values ('V4-819', 'WARE-0675');
insert into Spring23_S003_12_vendor_warehouse (Vendor_ID, Warehouse_ID) values ('V5-044', 'WARE-O053');
insert into Spring23_S003_12_vendor_warehouse (Vendor_ID, Warehouse_ID) values ('V0-303', 'WARE-7031');
insert into Spring23_S003_12_vendor_warehouse (Vendor_ID, Warehouse_ID) values ('V0-875', 'WARE-a529');
insert into Spring23_S003_12_vendor_warehouse (Vendor_ID, Warehouse_ID) values ('V9-502', 'WARE-k260');
insert into Spring23_S003_12_vendor_warehouse (Vendor_ID, Warehouse_ID) values ('V3-517', 'WARE-p686');
insert into Spring23_S003_12_vendor_warehouse (Vendor_ID, Warehouse_ID) values ('V7-934', 'WARE-z052');






insert into Spring23_S003_12_Delivery_Worker1 (Worker_SSN, Warehouse_ID, DOB) values ('942-70-3905', 'WARE-A746', '6-7-2022');
insert into Spring23_S003_12_Delivery_Worker1 (Worker_SSN, Warehouse_ID, DOB) values ('120-43-3389', 'WARE-I205', '8-4-2022');
insert into Spring23_S003_12_Delivery_Worker1 (Worker_SSN, Warehouse_ID, DOB) values ('852-74-0539', 'WARE-b147', '11-23-2022');
insert into Spring23_S003_12_Delivery_Worker1 (Worker_SSN, Warehouse_ID, DOB) values ('902-71-9295', 'WARE-k420', '9-9-2022');
insert into Spring23_S003_12_Delivery_Worker1 (Worker_SSN, Warehouse_ID, DOB) values ('211-11-0365', 'WARE-3499', '8-18-2022');
insert into Spring23_S003_12_Delivery_Worker1 (Worker_SSN, Warehouse_ID, DOB) values ('225-72-6681', 'WARE-L226', '12-18-2022');
insert into Spring23_S003_12_Delivery_Worker1 (Worker_SSN, Warehouse_ID, DOB) values ('766-20-9923', 'WARE-W514', '1-9-2023');
insert into Spring23_S003_12_Delivery_Worker1 (Worker_SSN, Warehouse_ID, DOB) values ('533-65-5216', 'WARE-s134', '4-9-2023');
insert into Spring23_S003_12_Delivery_Worker1 (Worker_SSN, Warehouse_ID, DOB) values ('300-19-6354', 'WARE-m198', '11-9-2022');
insert into Spring23_S003_12_Delivery_Worker1 (Worker_SSN, Warehouse_ID, DOB) values ('774-31-0726', 'WARE-W514', '6-7-2022');
insert into Spring23_S003_12_Delivery_Worker1 (Worker_SSN, Warehouse_ID, DOB) values ('173-34-5291', 'WARE-m198', '10-22-2022');
insert into Spring23_S003_12_Delivery_Worker1 (Worker_SSN, Warehouse_ID, DOB) values ('950-81-7792', 'WARE-T800', '11-16-2022');
insert into Spring23_S003_12_Delivery_Worker1 (Worker_SSN, Warehouse_ID, DOB) values ('864-10-3329', 'WARE-N046', '10-22-2022');
insert into Spring23_S003_12_Delivery_Worker1 (Worker_SSN, Warehouse_ID, DOB) values ('020-74-0913', 'WARE-3499', '10-31-2022');
insert into Spring23_S003_12_Delivery_Worker1 (Worker_SSN, Warehouse_ID, DOB) values ('343-11-2784', 'WARE-h361', '4-29-2022');
insert into Spring23_S003_12_Delivery_Worker1 (Worker_SSN, Warehouse_ID, DOB) values ('813-91-4254', 'WARE-9089', '3-15-2023');
insert into Spring23_S003_12_Delivery_Worker1 (Worker_SSN, Warehouse_ID, DOB) values ('167-18-5664', 'WARE-7031', '10-10-2022');
insert into Spring23_S003_12_Delivery_Worker1 (Worker_SSN, Warehouse_ID, DOB) values ('817-23-5775', 'WARE-w865', '10-22-2022');
insert into Spring23_S003_12_Delivery_Worker1 (Worker_SSN, Warehouse_ID, DOB) values ('369-78-1304', 'WARE-A567', '11-16-2022');
insert into Spring23_S003_12_Delivery_Worker1 (Worker_SSN, Warehouse_ID, DOB) values ('206-99-0305', 'WARE-P461', '4-9-2023');
insert into Spring23_S003_12_Delivery_Worker1 (Worker_SSN, Warehouse_ID, DOB) values ('275-29-1026', 'WARE-4907', '9-8-2022');
insert into Spring23_S003_12_Delivery_Worker1 (Worker_SSN, Warehouse_ID, DOB) values ('501-34-1683', 'WARE-w718', '2-21-2023');
insert into Spring23_S003_12_Delivery_Worker1 (Worker_SSN, Warehouse_ID, DOB) values ('650-59-3474', 'WARE-7627', '8-16-2022');
insert into Spring23_S003_12_Delivery_Worker1 (Worker_SSN, Warehouse_ID, DOB) values ('195-61-5766', 'WARE-N046', '4-29-2022');
insert into Spring23_S003_12_Delivery_Worker1 (Worker_SSN, Warehouse_ID, DOB) values ('266-62-2409', 'WARE-7474', '1-9-2023');
insert into Spring23_S003_12_Delivery_Worker1 (Worker_SSN, Warehouse_ID, DOB) values ('400-98-9436', 'WARE-a687', '9-19-2022');
insert into Spring23_S003_12_Delivery_Worker1 (Worker_SSN, Warehouse_ID, DOB) values ('837-29-2937', 'WARE-7627', '7-6-2022');
insert into Spring23_S003_12_Delivery_Worker1 (Worker_SSN, Warehouse_ID, DOB) values ('377-41-9066', 'WARE-b181', '11-9-2022');
insert into Spring23_S003_12_Delivery_Worker1 (Worker_SSN, Warehouse_ID, DOB) values ('367-99-6974', 'WARE-s134', '4-29-2022');
insert into Spring23_S003_12_Delivery_Worker1 (Worker_SSN, Warehouse_ID, DOB) values ('005-75-8964', 'WARE-t934', '4-2-2023');
insert into Spring23_S003_12_Delivery_Worker1 (Worker_SSN, Warehouse_ID, DOB) values ('955-02-4626', 'WARE-7474', '11-21-2022');
insert into Spring23_S003_12_Delivery_Worker1 (Worker_SSN, Warehouse_ID, DOB) values ('715-57-8723', 'WARE-W628', '8-16-2022');
insert into Spring23_S003_12_Delivery_Worker1 (Worker_SSN, Warehouse_ID, DOB) values ('277-93-2719', 'WARE-a904', '12-8-2022');
insert into Spring23_S003_12_Delivery_Worker1 (Worker_SSN, Warehouse_ID, DOB) values ('905-34-4614', 'WARE-0969', '10-22-2022');
insert into Spring23_S003_12_Delivery_Worker1 (Worker_SSN, Warehouse_ID, DOB) values ('619-55-4707', 'WARE-k420', '6-7-2022');
insert into Spring23_S003_12_Delivery_Worker1 (Worker_SSN, Warehouse_ID, DOB) values ('927-78-7072', 'WARE-R733', '11-9-2022');
insert into Spring23_S003_12_Delivery_Worker1 (Worker_SSN, Warehouse_ID, DOB) values ('567-49-3403', 'WARE-O053', '12-21-2022');
insert into Spring23_S003_12_Delivery_Worker1 (Worker_SSN, Warehouse_ID, DOB) values ('992-32-1923', 'WARE-T898', '7-6-2022');
insert into Spring23_S003_12_Delivery_Worker1 (Worker_SSN, Warehouse_ID, DOB) values ('267-14-4082', 'WARE-z052', '6-6-2022');
insert into Spring23_S003_12_Delivery_Worker1 (Worker_SSN, Warehouse_ID, DOB) values ('614-46-9390', 'WARE-3499', '9-8-2022');
insert into Spring23_S003_12_Delivery_Worker1 (Worker_SSN, Warehouse_ID, DOB) values ('733-90-9329', 'WARE-p686', '3-15-2023');
insert into Spring23_S003_12_Delivery_Worker1 (Worker_SSN, Warehouse_ID, DOB) values ('454-51-8904', 'WARE-T800', '7-6-2022');
insert into Spring23_S003_12_Delivery_Worker1 (Worker_SSN, Warehouse_ID, DOB) values ('061-47-5884', 'WARE-a529', '8-30-2022');
insert into Spring23_S003_12_Delivery_Worker1 (Worker_SSN, Warehouse_ID, DOB) values ('252-58-5789', 'WARE-a687', '4-29-2022');
insert into Spring23_S003_12_Delivery_Worker1 (Worker_SSN, Warehouse_ID, DOB) values ('815-12-7943', 'WARE-O053', '5-5-2022');
insert into Spring23_S003_12_Delivery_Worker1 (Worker_SSN, Warehouse_ID, DOB) values ('723-85-8097', 'WARE-a904', '9-6-2022');
insert into Spring23_S003_12_Delivery_Worker1 (Worker_SSN, Warehouse_ID, DOB) values ('749-86-8359', 'WARE-I205', '11-5-2022');
insert into Spring23_S003_12_Delivery_Worker1 (Worker_SSN, Warehouse_ID, DOB) values ('695-66-3569', 'WARE-T800', '8-16-2022');
insert into Spring23_S003_12_Delivery_Worker1 (Worker_SSN, Warehouse_ID, DOB) values ('855-54-0582', 'WARE-s134', '12-18-2022');
insert into Spring23_S003_12_Delivery_Worker1 (Worker_SSN, Warehouse_ID, DOB) values ('011-64-7074', 'WARE-W628', '7-6-2022');
insert into Spring23_S003_12_Delivery_Worker1 (Worker_SSN, Warehouse_ID, DOB) values ('379-52-4534', 'WARE-w865', '3-24-2023');
insert into Spring23_S003_12_Delivery_Worker1 (Worker_SSN, Warehouse_ID, DOB) values ('606-05-3860', 'WARE-7031', '8-10-2022');
insert into Spring23_S003_12_Delivery_Worker1 (Worker_SSN, Warehouse_ID, DOB) values ('601-50-5482', 'WARE-a904', '5-10-2022');
insert into Spring23_S003_12_Delivery_Worker1 (Worker_SSN, Warehouse_ID, DOB) values ('850-84-9758', 'WARE-T800', '4-30-2022');
insert into Spring23_S003_12_Delivery_Worker1 (Worker_SSN, Warehouse_ID, DOB) values ('623-37-9052', 'WARE-a687', '4-9-2023');
insert into Spring23_S003_12_Delivery_Worker1 (Worker_SSN, Warehouse_ID, DOB) values ('508-64-7951', 'WARE-4907', '9-8-2022');
insert into Spring23_S003_12_Delivery_Worker1 (Worker_SSN, Warehouse_ID, DOB) values ('692-79-8234', 'WARE-R445', '11-16-2022');
insert into Spring23_S003_12_Delivery_Worker1 (Worker_SSN, Warehouse_ID, DOB) values ('877-47-6842', 'WARE-0675', '8-5-2022');
insert into Spring23_S003_12_Delivery_Worker1 (Worker_SSN, Warehouse_ID, DOB) values ('056-94-7744', 'WARE-4463', '9-8-2022');






insert into Spring23_S003_12_warehouse_deliveryVehicle (Vehicle_Id, Warehouse_Id, Distance_Covered_per_order) values ('JSR-7571', 'WARE-P511', 21.13);
insert into Spring23_S003_12_warehouse_deliveryVehicle (Vehicle_Id, Warehouse_Id, Distance_Covered_per_order) values ('YEQ-6153', 'WARE-k420', 9.54);
insert into Spring23_S003_12_warehouse_deliveryVehicle (Vehicle_Id, Warehouse_Id, Distance_Covered_per_order) values ('EWA-1624', 'WARE-I575', 11.68);
insert into Spring23_S003_12_warehouse_deliveryVehicle (Vehicle_Id, Warehouse_Id, Distance_Covered_per_order) values ('QJM-1290', 'WARE-O053', 7.42);
insert into Spring23_S003_12_warehouse_deliveryVehicle (Vehicle_Id, Warehouse_Id, Distance_Covered_per_order) values ('DAC-6822', 'WARE-b181', 9.33);
insert into Spring23_S003_12_warehouse_deliveryVehicle (Vehicle_Id, Warehouse_Id, Distance_Covered_per_order) values ('TAG-9516', 'WARE-O053', 16.28);
insert into Spring23_S003_12_warehouse_deliveryVehicle (Vehicle_Id, Warehouse_Id, Distance_Covered_per_order) values ('REU-8322', 'WARE-s134', 14.27);
insert into Spring23_S003_12_warehouse_deliveryVehicle (Vehicle_Id, Warehouse_Id, Distance_Covered_per_order) values ('RMW-5531', 'WARE-R445', 25.03);
insert into Spring23_S003_12_warehouse_deliveryVehicle (Vehicle_Id, Warehouse_Id, Distance_Covered_per_order) values ('NNI-6158', 'WARE-s134', 28.85);
insert into Spring23_S003_12_warehouse_deliveryVehicle (Vehicle_Id, Warehouse_Id, Distance_Covered_per_order) values ('FMB-7224', 'WARE-4463', 7.94);
insert into Spring23_S003_12_warehouse_deliveryVehicle (Vehicle_Id, Warehouse_Id, Distance_Covered_per_order) values ('ULH-7218', 'WARE-W514', 25.48);
insert into Spring23_S003_12_warehouse_deliveryVehicle (Vehicle_Id, Warehouse_Id, Distance_Covered_per_order) values ('REZ-7640', 'WARE-0675', 7.93);
insert into Spring23_S003_12_warehouse_deliveryVehicle (Vehicle_Id, Warehouse_Id, Distance_Covered_per_order) values ('DPT-0839', 'WARE-f496', 11.34);
insert into Spring23_S003_12_warehouse_deliveryVehicle (Vehicle_Id, Warehouse_Id, Distance_Covered_per_order) values ('PYH-9776', 'WARE-N046', 24.44);
insert into Spring23_S003_12_warehouse_deliveryVehicle (Vehicle_Id, Warehouse_Id, Distance_Covered_per_order) values ('YTJ-7061', 'WARE-4463', 3.35);
insert into Spring23_S003_12_warehouse_deliveryVehicle (Vehicle_Id, Warehouse_Id, Distance_Covered_per_order) values ('QHC-2793', 'WARE-b596', 21.36);
insert into Spring23_S003_12_warehouse_deliveryVehicle (Vehicle_Id, Warehouse_Id, Distance_Covered_per_order) values ('LOJ-2788', 'WARE-R718', 21.84);
insert into Spring23_S003_12_warehouse_deliveryVehicle (Vehicle_Id, Warehouse_Id, Distance_Covered_per_order) values ('VGE-2972', 'WARE-v876', 27.48);
insert into Spring23_S003_12_warehouse_deliveryVehicle (Vehicle_Id, Warehouse_Id, Distance_Covered_per_order) values ('YLN-6220', 'WARE-m198', 4.47);
insert into Spring23_S003_12_warehouse_deliveryVehicle (Vehicle_Id, Warehouse_Id, Distance_Covered_per_order) values ('GIT-9015', 'WARE-0969', 27.77);
insert into Spring23_S003_12_warehouse_deliveryVehicle (Vehicle_Id, Warehouse_Id, Distance_Covered_per_order) values ('SEE-6289', 'WARE-a687', 29.93);
insert into Spring23_S003_12_warehouse_deliveryVehicle (Vehicle_Id, Warehouse_Id, Distance_Covered_per_order) values ('DIL-7847', 'WARE-f496', 16.48);
insert into Spring23_S003_12_warehouse_deliveryVehicle (Vehicle_Id, Warehouse_Id, Distance_Covered_per_order) values ('AZR-3237', 'WARE-9089', 13.15);
insert into Spring23_S003_12_warehouse_deliveryVehicle (Vehicle_Id, Warehouse_Id, Distance_Covered_per_order) values ('XLR-3745', 'WARE-a687', 16.83);
insert into Spring23_S003_12_warehouse_deliveryVehicle (Vehicle_Id, Warehouse_Id, Distance_Covered_per_order) values ('SSA-8685', 'WARE-H877', 8.64);
insert into Spring23_S003_12_warehouse_deliveryVehicle (Vehicle_Id, Warehouse_Id, Distance_Covered_per_order) values ('XJA-2089', 'WARE-w718', 28.49);
insert into Spring23_S003_12_warehouse_deliveryVehicle (Vehicle_Id, Warehouse_Id, Distance_Covered_per_order) values ('RKR-2935', 'WARE-R718', 16.46);
insert into Spring23_S003_12_warehouse_deliveryVehicle (Vehicle_Id, Warehouse_Id, Distance_Covered_per_order) values ('DEM-0479', 'WARE-7627', 6.89);
insert into Spring23_S003_12_warehouse_deliveryVehicle (Vehicle_Id, Warehouse_Id, Distance_Covered_per_order) values ('VYF-7801', 'WARE-I205', 27.84);
insert into Spring23_S003_12_warehouse_deliveryVehicle (Vehicle_Id, Warehouse_Id, Distance_Covered_per_order) values ('NEM-1085', 'WARE-7031', 8.91);
insert into Spring23_S003_12_warehouse_deliveryVehicle (Vehicle_Id, Warehouse_Id, Distance_Covered_per_order) values ('LZA-5307', 'WARE-z052', 3.29);
insert into Spring23_S003_12_warehouse_deliveryVehicle (Vehicle_Id, Warehouse_Id, Distance_Covered_per_order) values ('FJR-3250', 'WARE-n180', 21.44);
insert into Spring23_S003_12_warehouse_deliveryVehicle (Vehicle_Id, Warehouse_Id, Distance_Covered_per_order) values ('GUY-4983', 'WARE-L226', 12.73);
insert into Spring23_S003_12_warehouse_deliveryVehicle (Vehicle_Id, Warehouse_Id, Distance_Covered_per_order) values ('PYW-6918', 'WARE-4463', 29.03);
insert into Spring23_S003_12_warehouse_deliveryVehicle (Vehicle_Id, Warehouse_Id, Distance_Covered_per_order) values ('AXY-9477', 'WARE-3499', 1.3);
insert into Spring23_S003_12_warehouse_deliveryVehicle (Vehicle_Id, Warehouse_Id, Distance_Covered_per_order) values ('XMP-8430', 'WARE-G621', 23.85);
insert into Spring23_S003_12_warehouse_deliveryVehicle (Vehicle_Id, Warehouse_Id, Distance_Covered_per_order) values ('LJQ-5007', 'WARE-O053', 6.62);
insert into Spring23_S003_12_warehouse_deliveryVehicle (Vehicle_Id, Warehouse_Id, Distance_Covered_per_order) values ('SGQ-4528', 'WARE-0675', 29.7);
insert into Spring23_S003_12_warehouse_deliveryVehicle (Vehicle_Id, Warehouse_Id, Distance_Covered_per_order) values ('KCV-9306', 'WARE-v876', 14.16);
insert into Spring23_S003_12_warehouse_deliveryVehicle (Vehicle_Id, Warehouse_Id, Distance_Covered_per_order) values ('END-9555', 'WARE-7627', 8.2);
insert into Spring23_S003_12_warehouse_deliveryVehicle (Vehicle_Id, Warehouse_Id, Distance_Covered_per_order) values ('FBI-6282', 'WARE-a904', 1.1);
insert into Spring23_S003_12_warehouse_deliveryVehicle (Vehicle_Id, Warehouse_Id, Distance_Covered_per_order) values ('DQY-3815', 'WARE-W514', 24.0);
insert into Spring23_S003_12_warehouse_deliveryVehicle (Vehicle_Id, Warehouse_Id, Distance_Covered_per_order) values ('NAA-1778', 'WARE-I575', 16.11);
insert into Spring23_S003_12_warehouse_deliveryVehicle (Vehicle_Id, Warehouse_Id, Distance_Covered_per_order) values ('WZZ-2277', 'WARE-O053', 1.38);
insert into Spring23_S003_12_warehouse_deliveryVehicle (Vehicle_Id, Warehouse_Id, Distance_Covered_per_order) values ('PJU-6347', 'WARE-b596', 12.58);
insert into Spring23_S003_12_warehouse_deliveryVehicle (Vehicle_Id, Warehouse_Id, Distance_Covered_per_order) values ('GVG-2116', 'WARE-b147', 14.27);
insert into Spring23_S003_12_warehouse_deliveryVehicle (Vehicle_Id, Warehouse_Id, Distance_Covered_per_order) values ('RTU-7349', 'WARE-T800', 7.17);
insert into Spring23_S003_12_warehouse_deliveryVehicle (Vehicle_Id, Warehouse_Id, Distance_Covered_per_order) values ('ZEB-5271', 'WARE-P511', 27.56);
insert into Spring23_S003_12_warehouse_deliveryVehicle (Vehicle_Id, Warehouse_Id, Distance_Covered_per_order) values ('EGY-2784', 'WARE-L226', 13.43);
insert into Spring23_S003_12_warehouse_deliveryVehicle (Vehicle_Id, Warehouse_Id, Distance_Covered_per_order) values ('TPZ-7844', 'WARE-O053', 12.75);
insert into Spring23_S003_12_warehouse_deliveryVehicle (Vehicle_Id, Warehouse_Id, Distance_Covered_per_order) values ('NHX-5922', 'WARE-T898', 28.06);
insert into Spring23_S003_12_warehouse_deliveryVehicle (Vehicle_Id, Warehouse_Id, Distance_Covered_per_order) values ('LUA-1785', 'WARE-O053', 14.83);






insert into Spring23_S003_12_Warehouse_worker (Worker_SSN, Warehouse_ID, Worker_department) values ('567-49-3403','WARE-7474','Delivery');
insert into Spring23_S003_12_Warehouse_worker (Worker_SSN, Warehouse_ID, Worker_department) values ('528-78-7949','WARE-0675','Packaging');
insert into Spring23_S003_12_Warehouse_worker (Worker_SSN, Warehouse_ID, Worker_department) values ('780-45-5261','WARE-w718','Receiving');
insert into Spring23_S003_12_Warehouse_worker (Worker_SSN, Warehouse_ID, Worker_department) values ('139-79-6200','WARE-k509','Storage');
insert into Spring23_S003_12_Warehouse_worker (Worker_SSN, Warehouse_ID, Worker_department) values ('379-52-4534','WARE-R445','Delivery');
insert into Spring23_S003_12_Warehouse_worker (Worker_SSN, Warehouse_ID, Worker_department) values ('030-50-2052','WARE-s134','Inventory Management');
insert into Spring23_S003_12_Warehouse_worker (Worker_SSN, Warehouse_ID, Worker_department) values ('749-86-8359','WARE-k260','Delivery');
insert into Spring23_S003_12_Warehouse_worker (Worker_SSN, Warehouse_ID, Worker_department) values ('400-98-9436','WARE-W628','Delivery');
insert into Spring23_S003_12_Warehouse_worker (Worker_SSN, Warehouse_ID, Worker_department) values ('840-75-3555','WARE-a904','Delivery');
insert into Spring23_S003_12_Warehouse_worker (Worker_SSN, Warehouse_ID, Worker_department) values ('868-54-8323','WARE-O053','Receiving');
insert into Spring23_S003_12_Warehouse_worker (Worker_SSN, Warehouse_ID, Worker_department) values ('260-64-1472','WARE-9089','Receiving');
insert into Spring23_S003_12_Warehouse_worker (Worker_SSN, Warehouse_ID, Worker_department) values ('813-91-4254','WARE-P511','Delivery');
insert into Spring23_S003_12_Warehouse_worker (Worker_SSN, Warehouse_ID, Worker_department) values ('837-29-2937','WARE-b181','Delivery');
insert into Spring23_S003_12_Warehouse_worker (Worker_SSN, Warehouse_ID, Worker_department) values ('694-53-0215','WARE-I575','Receiving');
insert into Spring23_S003_12_Warehouse_worker (Worker_SSN, Warehouse_ID, Worker_department) values ('768-25-6934','WARE-z052','Delivery');
insert into Spring23_S003_12_Warehouse_worker (Worker_SSN, Warehouse_ID, Worker_department) values ('090-31-5272','WARE-4907','Storage');
insert into Spring23_S003_12_Warehouse_worker (Worker_SSN, Warehouse_ID, Worker_department) values ('005-75-8964','WARE-R718','Delivery');
insert into Spring23_S003_12_Warehouse_worker (Worker_SSN, Warehouse_ID, Worker_department) values ('035-10-2301','WARE-n180','Packaging');
insert into Spring23_S003_12_Warehouse_worker (Worker_SSN, Warehouse_ID, Worker_department) values ('206-99-0305','WARE-a529','Delivery');
insert into Spring23_S003_12_Warehouse_worker (Worker_SSN, Warehouse_ID, Worker_department) values ('047-21-6316','WARE-H877','Receiving');
insert into Spring23_S003_12_Warehouse_worker (Worker_SSN, Warehouse_ID, Worker_department) values ('942-70-3905','WARE-s134','Delivery');
insert into Spring23_S003_12_Warehouse_worker (Worker_SSN, Warehouse_ID, Worker_department) values ('372-04-1027','WARE-0675','Delivery');
insert into Spring23_S003_12_Warehouse_worker (Worker_SSN, Warehouse_ID, Worker_department) values ('128-96-3933','WARE-k509','Delivery');
insert into Spring23_S003_12_Warehouse_worker (Worker_SSN, Warehouse_ID, Worker_department) values ('103-02-6942','WARE-b147','Delivery');
insert into Spring23_S003_12_Warehouse_worker (Worker_SSN, Warehouse_ID, Worker_department) values ('377-41-9066','WARE-L226','Delivery');
insert into Spring23_S003_12_Warehouse_worker (Worker_SSN, Warehouse_ID, Worker_department) values ('252-58-5789','WARE-T800','Delivery');
insert into Spring23_S003_12_Warehouse_worker (Worker_SSN, Warehouse_ID, Worker_department) values ('106-16-3580','WARE-p686','Storage');
insert into Spring23_S003_12_Warehouse_worker (Worker_SSN, Warehouse_ID, Worker_department) values ('533-65-5216','WARE-T800','Delivery');
insert into Spring23_S003_12_Warehouse_worker (Worker_SSN, Warehouse_ID, Worker_department) values ('501-34-1683','WARE-b181','Delivery');
insert into Spring23_S003_12_Warehouse_worker (Worker_SSN, Warehouse_ID, Worker_department) values ('024-37-4903','WARE-R445','Receiving');
insert into Spring23_S003_12_Warehouse_worker (Worker_SSN, Warehouse_ID, Worker_department) values ('510-73-9799','WARE-P511','Inventory Management');
insert into Spring23_S003_12_Warehouse_worker (Worker_SSN, Warehouse_ID, Worker_department) values ('423-23-4296','WARE-9089','Inventory Management');
insert into Spring23_S003_12_Warehouse_worker (Worker_SSN, Warehouse_ID, Worker_department) values ('885-32-3037','WARE-w865','Delivery');
insert into Spring23_S003_12_Warehouse_worker (Worker_SSN, Warehouse_ID, Worker_department) values ('195-61-5766','WARE-I205','Delivery');
insert into Spring23_S003_12_Warehouse_worker (Worker_SSN, Warehouse_ID, Worker_department) values ('233-73-2807','WARE-t402','Receiving');
insert into Spring23_S003_12_Warehouse_worker (Worker_SSN, Warehouse_ID, Worker_department) values ('266-62-2409','WARE-t402','Delivery');
insert into Spring23_S003_12_Warehouse_worker (Worker_SSN, Warehouse_ID, Worker_department) values ('723-51-0098','WARE-z052','Storage');
insert into Spring23_S003_12_Warehouse_worker (Worker_SSN, Warehouse_ID, Worker_department) values ('927-78-7072','WARE-b147','Delivery');
insert into Spring23_S003_12_Warehouse_worker (Worker_SSN, Warehouse_ID, Worker_department) values ('124-75-2569','WARE-R445','Receiving');
insert into Spring23_S003_12_Warehouse_worker (Worker_SSN, Warehouse_ID, Worker_department) values ('061-47-5884','WARE-w865','Delivery');
insert into Spring23_S003_12_Warehouse_worker (Worker_SSN, Warehouse_ID, Worker_department) values ('119-68-8629','WARE-R718','Inventory Management');
insert into Spring23_S003_12_Warehouse_worker (Worker_SSN, Warehouse_ID, Worker_department) values ('222-24-7147','WARE-n180','Packaging');
insert into Spring23_S003_12_Warehouse_worker (Worker_SSN, Warehouse_ID, Worker_department) values ('604-22-5191','WARE-O053','Storage');
insert into Spring23_S003_12_Warehouse_worker (Worker_SSN, Warehouse_ID, Worker_department) values ('068-88-9636','WARE-k509','Packaging');
insert into Spring23_S003_12_Warehouse_worker (Worker_SSN, Warehouse_ID, Worker_department) values ('277-93-2719','WARE-b596','Delivery');
insert into Spring23_S003_12_Warehouse_worker (Worker_SSN, Warehouse_ID, Worker_department) values ('393-88-7892','WARE-k509','Storage');
insert into Spring23_S003_12_Warehouse_worker (Worker_SSN, Warehouse_ID, Worker_department) values ('151-09-8719','WARE-R718','Packaging');
insert into Spring23_S003_12_Warehouse_worker (Worker_SSN, Warehouse_ID, Worker_department) values ('950-81-7792','WARE-i337','Delivery');
insert into Spring23_S003_12_Warehouse_worker (Worker_SSN, Warehouse_ID, Worker_department) values ('864-10-3329','WARE-9089','Delivery');
insert into Spring23_S003_12_Warehouse_worker (Worker_SSN, Warehouse_ID, Worker_department) values ('792-08-5322','WARE-R733','Inventory Management');
insert into Spring23_S003_12_Warehouse_worker (Worker_SSN, Warehouse_ID, Worker_department) values ('850-84-9758','WARE-k420','Delivery');
insert into Spring23_S003_12_Warehouse_worker (Worker_SSN, Warehouse_ID, Worker_department) values ('454-51-8904','WARE-7627','Delivery');
insert into Spring23_S003_12_Warehouse_worker (Worker_SSN, Warehouse_ID, Worker_department) values ('890-55-1787','WARE-0675','Receiving');
insert into Spring23_S003_12_Warehouse_worker (Worker_SSN, Warehouse_ID, Worker_department) values ('088-95-6346','WARE-k260','Receiving');
insert into Spring23_S003_12_Warehouse_worker (Worker_SSN, Warehouse_ID, Worker_department) values ('195-22-8467','WARE-n180','Receiving');
insert into Spring23_S003_12_Warehouse_worker (Worker_SSN, Warehouse_ID, Worker_department) values ('513-67-7771','WARE-b181','Inventory Management');
insert into Spring23_S003_12_Warehouse_worker (Worker_SSN, Warehouse_ID, Worker_department) values ('287-80-2755','WARE-h361','Receiving');
insert into Spring23_S003_12_Warehouse_worker (Worker_SSN, Warehouse_ID, Worker_department) values ('712-69-2382','WARE-h361','Inventory Management');
insert into Spring23_S003_12_Warehouse_worker (Worker_SSN, Warehouse_ID, Worker_department) values ('955-02-4626','WARE-t402','Delivery');
insert into Spring23_S003_12_Warehouse_worker (Worker_SSN, Warehouse_ID, Worker_department) values ('301-78-3815','WARE-U398','Inventory Management');
insert into Spring23_S003_12_Warehouse_worker (Worker_SSN, Warehouse_ID, Worker_department) values ('968-73-6942','WARE-A746','Delivery');
insert into Spring23_S003_12_Warehouse_worker (Worker_SSN, Warehouse_ID, Worker_department) values ('723-65-9183','WARE-b181','Delivery');
insert into Spring23_S003_12_Warehouse_worker (Worker_SSN, Warehouse_ID, Worker_department) values ('032-64-5010','WARE-s134','Inventory Management');
insert into Spring23_S003_12_Warehouse_worker (Worker_SSN, Warehouse_ID, Worker_department) values ('992-32-1923','WARE-k509','Delivery');
insert into Spring23_S003_12_Warehouse_worker (Worker_SSN, Warehouse_ID, Worker_department) values ('630-48-7603','WARE-N046','Packaging');
insert into Spring23_S003_12_Warehouse_worker (Worker_SSN, Warehouse_ID, Worker_department) values ('989-60-3711','WARE-b147','Delivery');
insert into Spring23_S003_12_Warehouse_worker (Worker_SSN, Warehouse_ID, Worker_department) values ('850-57-0396','WARE-P461','Receiving');
insert into Spring23_S003_12_Warehouse_worker (Worker_SSN, Warehouse_ID, Worker_department) values ('457-62-9013','WARE-k260','Delivery');
insert into Spring23_S003_12_Warehouse_worker (Worker_SSN, Warehouse_ID, Worker_department) values ('723-85-8097','WARE-q406','Delivery');
insert into Spring23_S003_12_Warehouse_worker (Worker_SSN, Warehouse_ID, Worker_department) values ('601-50-5482','WARE-J229','Delivery');
insert into Spring23_S003_12_Warehouse_worker (Worker_SSN, Warehouse_ID, Worker_department) values ('211-11-0365','WARE-U398','Delivery');
insert into Spring23_S003_12_Warehouse_worker (Worker_SSN, Warehouse_ID, Worker_department) values ('879-33-1234','WARE-9089','Storage');
insert into Spring23_S003_12_Warehouse_worker (Worker_SSN, Warehouse_ID, Worker_department) values ('097-56-0350','WARE-i337','Delivery');
insert into Spring23_S003_12_Warehouse_worker (Worker_SSN, Warehouse_ID, Worker_department) values ('580-17-4236','WARE-a687','Inventory Management');
insert into Spring23_S003_12_Warehouse_worker (Worker_SSN, Warehouse_ID, Worker_department) values ('002-60-9228','WARE-H877','Receiving');
insert into Spring23_S003_12_Warehouse_worker (Worker_SSN, Warehouse_ID, Worker_department) values ('619-55-4707','WARE-q406','Delivery');
insert into Spring23_S003_12_Warehouse_worker (Worker_SSN, Warehouse_ID, Worker_department) values ('547-05-0575','WARE-b181','Receiving');
insert into Spring23_S003_12_Warehouse_worker (Worker_SSN, Warehouse_ID, Worker_department) values ('606-05-3860','WARE-I575','Delivery');





insert into Spring23_S003_12_Delivery_Worker2 (Worker_SSN, Licence_no, Vehicle_ID) values ('056-94-7744','49289632','RKR-2935');
insert into Spring23_S003_12_Delivery_Worker2 (Worker_SSN, Licence_no, Vehicle_ID) values ('206-99-0305','28616866','SEE-6289');
insert into Spring23_S003_12_Delivery_Worker2 (Worker_SSN, Licence_no, Vehicle_ID) values ('011-64-7074','11578691','FBI-6282');
insert into Spring23_S003_12_Delivery_Worker2 (Worker_SSN, Licence_no, Vehicle_ID) values ('968-73-6942','57168957','RTU-7349');
insert into Spring23_S003_12_Delivery_Worker2 (Worker_SSN, Licence_no, Vehicle_ID) values ('614-46-9390','87244117','LOJ-2788');
insert into Spring23_S003_12_Delivery_Worker2 (Worker_SSN, Licence_no, Vehicle_ID) values ('367-99-6974','62384404','ZYP-2774');
insert into Spring23_S003_12_Delivery_Worker2 (Worker_SSN, Licence_no, Vehicle_ID) values ('508-64-7951','54453452','YNT-5315');
insert into Spring23_S003_12_Delivery_Worker2 (Worker_SSN, Licence_no, Vehicle_ID) values ('815-12-7943','85244023','LJQ-5007');
insert into Spring23_S003_12_Delivery_Worker2 (Worker_SSN, Licence_no, Vehicle_ID) values ('877-47-6842','69680791','AUS-3797');
insert into Spring23_S003_12_Delivery_Worker2 (Worker_SSN, Licence_no, Vehicle_ID) values ('619-55-4707','41103836','BVW-4933');
insert into Spring23_S003_12_Delivery_Worker2 (Worker_SSN, Licence_no, Vehicle_ID) values ('061-47-5884','64944292','GHX-2064');
insert into Spring23_S003_12_Delivery_Worker2 (Worker_SSN, Licence_no, Vehicle_ID) values ('501-34-1683','75593401','XLR-3745');
insert into Spring23_S003_12_Delivery_Worker2 (Worker_SSN, Licence_no, Vehicle_ID) values ('850-84-9758','75733325','LZA-5307');
insert into Spring23_S003_12_Delivery_Worker2 (Worker_SSN, Licence_no, Vehicle_ID) values ('252-58-5789','80466076','HOC-1230');
insert into Spring23_S003_12_Delivery_Worker2 (Worker_SSN, Licence_no, Vehicle_ID) values ('855-54-0582','51862229','VGE-2972');
insert into Spring23_S003_12_Delivery_Worker2 (Worker_SSN, Licence_no, Vehicle_ID) values ('372-04-1027','77575003','QJM-1290');
insert into Spring23_S003_12_Delivery_Worker2 (Worker_SSN, Licence_no, Vehicle_ID) values ('955-02-4626','43061012','PYW-6918');
insert into Spring23_S003_12_Delivery_Worker2 (Worker_SSN, Licence_no, Vehicle_ID) values ('723-65-9183','19405914','AZZ-4958');
insert into Spring23_S003_12_Delivery_Worker2 (Worker_SSN, Licence_no, Vehicle_ID) values ('602-59-1269','48291011','PJU-6347');
insert into Spring23_S003_12_Delivery_Worker2 (Worker_SSN, Licence_no, Vehicle_ID) values ('606-05-3860','28887863','FMB-7224');
insert into Spring23_S003_12_Delivery_Worker2 (Worker_SSN, Licence_no, Vehicle_ID) values ('097-56-0350','42529184','NNI-6158');
insert into Spring23_S003_12_Delivery_Worker2 (Worker_SSN, Licence_no, Vehicle_ID) values ('905-34-4614','59916781','TAG-9516');
insert into Spring23_S003_12_Delivery_Worker2 (Worker_SSN, Licence_no, Vehicle_ID) values ('173-34-5291','57785210','FPN-6086');
insert into Spring23_S003_12_Delivery_Worker2 (Worker_SSN, Licence_no, Vehicle_ID) values ('275-29-1026','16737258','REZ-7640');
insert into Spring23_S003_12_Delivery_Worker2 (Worker_SSN, Licence_no, Vehicle_ID) values ('266-62-2409','94137597','EWA-1624');
insert into Spring23_S003_12_Delivery_Worker2 (Worker_SSN, Licence_no, Vehicle_ID) values ('766-20-9923','68797408','QRN-4325');
insert into Spring23_S003_12_Delivery_Worker2 (Worker_SSN, Licence_no, Vehicle_ID) values ('695-66-3569','21125814','GVG-2116');
insert into Spring23_S003_12_Delivery_Worker2 (Worker_SSN, Licence_no, Vehicle_ID) values ('020-74-0913','26746428','DIL-7847');
insert into Spring23_S003_12_Delivery_Worker2 (Worker_SSN, Licence_no, Vehicle_ID) values ('400-98-9436','84798997','UJW-8350');
insert into Spring23_S003_12_Delivery_Worker2 (Worker_SSN, Licence_no, Vehicle_ID) values ('950-81-7792','37235141','ZEB-5271');
insert into Spring23_S003_12_Delivery_Worker2 (Worker_SSN, Licence_no, Vehicle_ID) values ('715-57-8723','88901951','NHX-5922');
insert into Spring23_S003_12_Delivery_Worker2 (Worker_SSN, Licence_no, Vehicle_ID) values ('195-61-5766','86452362','XJA-2089');
insert into Spring23_S003_12_Delivery_Worker2 (Worker_SSN, Licence_no, Vehicle_ID) values ('813-91-4254','92980732','YLN-6220');
insert into Spring23_S003_12_Delivery_Worker2 (Worker_SSN, Licence_no, Vehicle_ID) values ('343-11-2784','90468481','AZR-3237');
insert into Spring23_S003_12_Delivery_Worker2 (Worker_SSN, Licence_no, Vehicle_ID) values ('120-43-3389','27374981','RMW-5531');
insert into Spring23_S003_12_Delivery_Worker2 (Worker_SSN, Licence_no, Vehicle_ID) values ('333-67-2670','55013640','SSA-8685');
insert into Spring23_S003_12_Delivery_Worker2 (Worker_SSN, Licence_no, Vehicle_ID) values ('774-31-0726','92255458','NEM-1085');
insert into Spring23_S003_12_Delivery_Worker2 (Worker_SSN, Licence_no, Vehicle_ID) values ('852-74-0539','75300139','DPT-0839');
insert into Spring23_S003_12_Delivery_Worker2 (Worker_SSN, Licence_no, Vehicle_ID) values ('225-72-6681','53346666','ULH-7218');
insert into Spring23_S003_12_Delivery_Worker2 (Worker_SSN, Licence_no, Vehicle_ID) values ('267-14-4082','91358041','KCV-9306');
insert into Spring23_S003_12_Delivery_Worker2 (Worker_SSN, Licence_no, Vehicle_ID) values ('123-63-7235','05303089','JSR-7571');
insert into Spring23_S003_12_Delivery_Worker2 (Worker_SSN, Licence_no, Vehicle_ID) values ('128-96-3933','66857815','DEM-0479');
insert into Spring23_S003_12_Delivery_Worker2 (Worker_SSN, Licence_no, Vehicle_ID) values ('595-98-8949','96103016','DAC-6822');
insert into Spring23_S003_12_Delivery_Worker2 (Worker_SSN, Licence_no, Vehicle_ID) values ('733-90-9329','96728960','FOR-5707');
insert into Spring23_S003_12_Delivery_Worker2 (Worker_SSN, Licence_no, Vehicle_ID) values ('457-62-9013','59087019','GIT-9015');
insert into Spring23_S003_12_Delivery_Worker2 (Worker_SSN, Licence_no, Vehicle_ID) values ('723-85-8097','61500035','EGY-2784');
insert into Spring23_S003_12_Delivery_Worker2 (Worker_SSN, Licence_no, Vehicle_ID) values ('300-19-6354','87186859','LUA-1785');
insert into Spring23_S003_12_Delivery_Worker2 (Worker_SSN, Licence_no, Vehicle_ID) values ('864-10-3329','45674196','AXY-9477');
insert into Spring23_S003_12_Delivery_Worker2 (Worker_SSN, Licence_no, Vehicle_ID) values ('840-75-3555','54427248','BDO-9549');
insert into Spring23_S003_12_Delivery_Worker2 (Worker_SSN, Licence_no, Vehicle_ID) values ('211-11-0365','27548179','QHC-2793');
insert into Spring23_S003_12_Delivery_Worker2 (Worker_SSN, Licence_no, Vehicle_ID) values ('992-32-1923','36516345','GUY-4983');
insert into Spring23_S003_12_Delivery_Worker2 (Worker_SSN, Licence_no, Vehicle_ID) values ('567-49-3403','34605150','TPZ-7844');
insert into Spring23_S003_12_Delivery_Worker2 (Worker_SSN, Licence_no, Vehicle_ID) values ('692-79-8234','73439721','REU-8322');
insert into Spring23_S003_12_Delivery_Worker2 (Worker_SSN, Licence_no, Vehicle_ID) values ('902-71-9295','99596301','YEQ-6153');
insert into Spring23_S003_12_Delivery_Worker2 (Worker_SSN, Licence_no, Vehicle_ID) values ('617-43-7091','07171851','NAA-1778');
insert into Spring23_S003_12_Delivery_Worker2 (Worker_SSN, Licence_no, Vehicle_ID) values ('837-29-2937','29346841','XMP-8430');
insert into Spring23_S003_12_Delivery_Worker2 (Worker_SSN, Licence_no, Vehicle_ID) values ('601-50-5482','68497064','SGQ-4528');






insert into Spring23_S003_12_delivery_order (Worker_SSN, Order_ID, Order_PickupTS, Order_DeliverTS) values ('815-12-7943','COL-32','2022-11-08 00:46:46','2022-11-08 02:26:47');
insert into Spring23_S003_12_delivery_order (Worker_SSN, Order_ID, Order_PickupTS, Order_DeliverTS) values ('173-34-5291','Vts-24','2023-08-27 03:32:46','2023-08-27 06:17:56');
insert into Spring23_S003_12_delivery_order (Worker_SSN, Order_ID, Order_PickupTS, Order_DeliverTS) values ('252-58-5789','Y1D-01','2023-07-22 02:37:05','2023-07-22 05:29:59');
insert into Spring23_S003_12_delivery_order (Worker_SSN, Order_ID, Order_PickupTS, Order_DeliverTS) values ('902-71-9295','w6q-00','2023-04-11 02:06:05','2023-04-11 03:48:32');
insert into Spring23_S003_12_delivery_order (Worker_SSN, Order_ID, Order_PickupTS, Order_DeliverTS) values ('877-47-6842','0t8-54','2023-06-02 04:34:00','2023-06-02 08:15:49');
insert into Spring23_S003_12_delivery_order (Worker_SSN, Order_ID, Order_PickupTS, Order_DeliverTS) values ('252-58-5789','BaE-48','2023-10-05 00:10:30','2023-10-05 05:01:40');
insert into Spring23_S003_12_delivery_order (Worker_SSN, Order_ID, Order_PickupTS, Order_DeliverTS) values ('372-04-1027','M01-06','2023-04-27 02:08:47','2023-04-27 04:36:17');
insert into Spring23_S003_12_delivery_order (Worker_SSN, Order_ID, Order_PickupTS, Order_DeliverTS) values ('372-04-1027','sXO-08','2023-02-01 02:07:32','2023-02-01 05:55:58');
insert into Spring23_S003_12_delivery_order (Worker_SSN, Order_ID, Order_PickupTS, Order_DeliverTS) values ('343-11-2784','vHY-25','2023-11-29 03:15:31','2023-11-29 04:28:53');
insert into Spring23_S003_12_delivery_order (Worker_SSN, Order_ID, Order_PickupTS, Order_DeliverTS) values ('567-49-3403','0yb-40','2023-01-16 03:58:07','2023-01-16 08:06:36');
insert into Spring23_S003_12_delivery_order (Worker_SSN, Order_ID, Order_PickupTS, Order_DeliverTS) values ('840-75-3555','1kM-52','2022-01-11 03:37:04','2022-01-11 06:39:36');
insert into Spring23_S003_12_delivery_order (Worker_SSN, Order_ID, Order_PickupTS, Order_DeliverTS) values ('905-34-4614','wDz-35','2023-06-24 04:44:03','2023-06-24 08:52:59');
insert into Spring23_S003_12_delivery_order (Worker_SSN, Order_ID, Order_PickupTS, Order_DeliverTS) values ('333-67-2670','KOc-61','2023-10-20 04:29:14','2023-10-20 08:37:56');
insert into Spring23_S003_12_delivery_order (Worker_SSN, Order_ID, Order_PickupTS, Order_DeliverTS) values ('815-12-7943','0sn-96','2023-02-01 02:00:11','2023-02-01 02:14:15');
insert into Spring23_S003_12_delivery_order (Worker_SSN, Order_ID, Order_PickupTS, Order_DeliverTS) values ('602-59-1269','0VZ-23','2023-02-12 03:36:30','2023-02-12 06:05:24');
insert into Spring23_S003_12_delivery_order (Worker_SSN, Order_ID, Order_PickupTS, Order_DeliverTS) values ('061-47-5884','t0X-93','2022-11-02 00:07:09','2022-11-02 00:44:34');
insert into Spring23_S003_12_delivery_order (Worker_SSN, Order_ID, Order_PickupTS, Order_DeliverTS) values ('595-98-8949','b33-23','2022-08-16 02:34:01','2022-08-16 06:40:35');
insert into Spring23_S003_12_delivery_order (Worker_SSN, Order_ID, Order_PickupTS, Order_DeliverTS) values ('905-34-4614','aSf-05','2023-09-01 02:21:13','2023-09-01 04:09:35');
insert into Spring23_S003_12_delivery_order (Worker_SSN, Order_ID, Order_PickupTS, Order_DeliverTS) values ('206-99-0305','2xA-66','2022-04-26 01:02:15','2022-04-26 03:53:28');
insert into Spring23_S003_12_delivery_order (Worker_SSN, Order_ID, Order_PickupTS, Order_DeliverTS) values ('617-43-7091','wP3-80','2022-09-19 00:35:40','2022-09-19 01:55:49');
insert into Spring23_S003_12_delivery_order (Worker_SSN, Order_ID, Order_PickupTS, Order_DeliverTS) values ('501-34-1683','BYR-03','2023-09-29 00:55:17','2023-09-29 03:15:53');
insert into Spring23_S003_12_delivery_order (Worker_SSN, Order_ID, Order_PickupTS, Order_DeliverTS) values ('333-67-2670','EDy-64','2022-10-10 01:22:32','2022-10-10 06:02:26');
insert into Spring23_S003_12_delivery_order (Worker_SSN, Order_ID, Order_PickupTS, Order_DeliverTS) values ('123-63-7235','Tfx-90','2023-10-22 00:19:05','2023-10-22 03:14:42');
insert into Spring23_S003_12_delivery_order (Worker_SSN, Order_ID, Order_PickupTS, Order_DeliverTS) values ('852-74-0539','Csm-32','2022-09-13 00:09:21','2022-09-13 01:02:33');
insert into Spring23_S003_12_delivery_order (Worker_SSN, Order_ID, Order_PickupTS, Order_DeliverTS) values ('864-10-3329','5yU-36','2022-11-03 03:21:19','2022-11-03 03:47:22');
insert into Spring23_S003_12_delivery_order (Worker_SSN, Order_ID, Order_PickupTS, Order_DeliverTS) values ('905-34-4614','SgG-79','2022-12-07 01:39:37','2022-12-07 04:25:11');
insert into Spring23_S003_12_delivery_order (Worker_SSN, Order_ID, Order_PickupTS, Order_DeliverTS) values ('855-54-0582','ZAT-08','2023-01-08 04:37:17','2023-01-08 06:12:55');
insert into Spring23_S003_12_delivery_order (Worker_SSN, Order_ID, Order_PickupTS, Order_DeliverTS) values ('733-90-9329','VYB-17','2023-07-04 04:38:43','2023-07-04 05:34:55');
insert into Spring23_S003_12_delivery_order (Worker_SSN, Order_ID, Order_PickupTS, Order_DeliverTS) values ('715-57-8723','ziH-15','2023-03-18 04:09:49','2023-03-18 04:53:32');
insert into Spring23_S003_12_delivery_order (Worker_SSN, Order_ID, Order_PickupTS, Order_DeliverTS) values ('692-79-8234','CzR-80','2022-10-21 02:48:13','2022-10-21 04:21:46');
insert into Spring23_S003_12_delivery_order (Worker_SSN, Order_ID, Order_PickupTS, Order_DeliverTS) values ('225-72-6681','Qxu-18','2022-08-02 00:24:13','2022-08-02 02:26:17');
insert into Spring23_S003_12_delivery_order (Worker_SSN, Order_ID, Order_PickupTS, Order_DeliverTS) values ('606-05-3860','tFv-20','2023-12-16 03:07:34','2023-12-16 04:21:29');
insert into Spring23_S003_12_delivery_order (Worker_SSN, Order_ID, Order_PickupTS, Order_DeliverTS) values ('774-31-0726','NYb-65','2022-01-15 04:37:56','2022-01-15 09:32:43');
insert into Spring23_S003_12_delivery_order (Worker_SSN, Order_ID, Order_PickupTS, Order_DeliverTS) values ('508-64-7951','wQ6-94','2023-04-07 02:59:23','2023-04-07 03:51:24');
insert into Spring23_S003_12_delivery_order (Worker_SSN, Order_ID, Order_PickupTS, Order_DeliverTS) values ('619-55-4707','tVY-93','2022-05-13 00:22:25','2022-05-13 00:27:48');
insert into Spring23_S003_12_delivery_order (Worker_SSN, Order_ID, Order_PickupTS, Order_DeliverTS) values ('343-11-2784','7th-19','2023-01-05 03:28:38','2023-01-05 04:59:57');
insert into Spring23_S003_12_delivery_order (Worker_SSN, Order_ID, Order_PickupTS, Order_DeliverTS) values ('864-10-3329','Exp-58','2022-05-20 01:40:38','2022-05-20 05:51:26');
insert into Spring23_S003_12_delivery_order (Worker_SSN, Order_ID, Order_PickupTS, Order_DeliverTS) values ('372-04-1027','Ud9-00','2022-12-16 03:12:43','2022-12-16 04:23:47');
insert into Spring23_S003_12_delivery_order (Worker_SSN, Order_ID, Order_PickupTS, Order_DeliverTS) values ('950-81-7792','ikW-30','2023-01-20 02:20:16','2023-01-20 04:43:01');
insert into Spring23_S003_12_delivery_order (Worker_SSN, Order_ID, Order_PickupTS, Order_DeliverTS) values ('902-71-9295','Smg-92','2022-01-12 02:13:48','2022-01-12 03:07:49');
insert into Spring23_S003_12_delivery_order (Worker_SSN, Order_ID, Order_PickupTS, Order_DeliverTS) values ('766-20-9923','SjM-22','2023-12-03 03:49:19','2023-12-03 08:08:59');
insert into Spring23_S003_12_delivery_order (Worker_SSN, Order_ID, Order_PickupTS, Order_DeliverTS) values ('905-34-4614','Ffa-21','2022-09-18 01:57:52','2022-09-18 02:55:44');
insert into Spring23_S003_12_delivery_order (Worker_SSN, Order_ID, Order_PickupTS, Order_DeliverTS) values ('457-62-9013','naJ-11','2023-09-02 00:51:48','2023-09-02 05:48:38');
insert into Spring23_S003_12_delivery_order (Worker_SSN, Order_ID, Order_PickupTS, Order_DeliverTS) values ('813-91-4254','avw-69','2022-12-08 01:31:46','2022-12-08 04:44:01');
insert into Spring23_S003_12_delivery_order (Worker_SSN, Order_ID, Order_PickupTS, Order_DeliverTS) values ('723-85-8097','xCP-16','2022-09-02 01:13:13','2022-09-02 02:04:40');
insert into Spring23_S003_12_delivery_order (Worker_SSN, Order_ID, Order_PickupTS, Order_DeliverTS) values ('457-62-9013','C42-60','2023-07-23 00:41:33','2023-07-23 02:52:11');
insert into Spring23_S003_12_delivery_order (Worker_SSN, Order_ID, Order_PickupTS, Order_DeliverTS) values ('950-81-7792','cGh-63','2023-01-16 03:33:07','2023-01-16 08:08:54');
insert into Spring23_S003_12_delivery_order (Worker_SSN, Order_ID, Order_PickupTS, Order_DeliverTS) values ('400-98-9436','Pw4-48','2023-06-08 03:40:32','2023-06-08 08:09:44');
insert into Spring23_S003_12_delivery_order (Worker_SSN, Order_ID, Order_PickupTS, Order_DeliverTS) values ('617-43-7091','STW-65','2023-02-03 04:11:59','2023-02-03 05:20:45');
insert into Spring23_S003_12_delivery_order (Worker_SSN, Order_ID, Order_PickupTS, Order_DeliverTS) values ('275-29-1026','md3-48','2023-11-15 01:07:28','2023-11-15 03:14:47');
insert into Spring23_S003_12_delivery_order (Worker_SSN, Order_ID, Order_PickupTS, Order_DeliverTS) values ('508-64-7951','RAG-35','2023-10-16 03:24:18','2023-10-16 08:24:16');
insert into Spring23_S003_12_delivery_order (Worker_SSN, Order_ID, Order_PickupTS, Order_DeliverTS) values ('252-58-5789','wtz-70','2023-05-11 02:30:15','2023-05-11 06:55:27');
insert into Spring23_S003_12_delivery_order (Worker_SSN, Order_ID, Order_PickupTS, Order_DeliverTS) values ('850-84-9758','iG8-17','2023-04-05 02:00:35','2023-04-05 06:51:25');
insert into Spring23_S003_12_delivery_order (Worker_SSN, Order_ID, Order_PickupTS, Order_DeliverTS) values ('855-54-0582','8mP-77','2023-11-22 02:34:15','2023-11-22 03:04:48');
insert into Spring23_S003_12_delivery_order (Worker_SSN, Order_ID, Order_PickupTS, Order_DeliverTS) values ('774-31-0726','ak7-77','2023-05-24 04:03:44','2023-05-24 06:24:34');
insert into Spring23_S003_12_delivery_order (Worker_SSN, Order_ID, Order_PickupTS, Order_DeliverTS) values ('955-02-4626','tR2-82','2022-07-07 01:21:56','2022-07-07 03:16:23');
insert into Spring23_S003_12_delivery_order (Worker_SSN, Order_ID, Order_PickupTS, Order_DeliverTS) values ('275-29-1026','l1s-58','2023-01-30 03:40:50','2023-01-30 05:22:35');
insert into Spring23_S003_12_delivery_order (Worker_SSN, Order_ID, Order_PickupTS, Order_DeliverTS) values ('606-05-3860','9jW-75','2023-05-11 02:26:53','2023-05-11 03:02:31');






insert into Spring23_S003_12_delivery_mealkit (Worker_SSN, mealkit_id) values ('905-34-4614', 'MEAL-3693');
insert into Spring23_S003_12_delivery_mealkit (Worker_SSN, mealkit_id) values ('602-59-1269', 'MEAL-7398');
insert into Spring23_S003_12_delivery_mealkit (Worker_SSN, mealkit_id) values ('855-54-0582', 'MEAL-9896');
insert into Spring23_S003_12_delivery_mealkit (Worker_SSN, mealkit_id) values ('128-96-3933', 'MEAL-2647');
insert into Spring23_S003_12_delivery_mealkit (Worker_SSN, mealkit_id) values ('840-75-3555', 'MEAL-9141');
insert into Spring23_S003_12_delivery_mealkit (Worker_SSN, mealkit_id) values ('606-05-3860', 'MEAL-6901');
insert into Spring23_S003_12_delivery_mealkit (Worker_SSN, mealkit_id) values ('457-62-9013', 'MEAL-4055');
insert into Spring23_S003_12_delivery_mealkit (Worker_SSN, mealkit_id) values ('333-67-2670', 'MEAL-5292');
insert into Spring23_S003_12_delivery_mealkit (Worker_SSN, mealkit_id) values ('815-12-7943', 'MEAL-6522');
insert into Spring23_S003_12_delivery_mealkit (Worker_SSN, mealkit_id) values ('367-99-6974', 'MEAL-6128');
insert into Spring23_S003_12_delivery_mealkit (Worker_SSN, mealkit_id) values ('905-34-4614', 'MEAL-1763');
insert into Spring23_S003_12_delivery_mealkit (Worker_SSN, mealkit_id) values ('955-02-4626', 'MEAL-5259');
insert into Spring23_S003_12_delivery_mealkit (Worker_SSN, mealkit_id) values ('457-62-9013', 'MEAL-6749');
insert into Spring23_S003_12_delivery_mealkit (Worker_SSN, mealkit_id) values ('275-29-1026', 'MEAL-7304');
insert into Spring23_S003_12_delivery_mealkit (Worker_SSN, mealkit_id) values ('850-84-9758', 'MEAL-3460');
insert into Spring23_S003_12_delivery_mealkit (Worker_SSN, mealkit_id) values ('733-90-9329', 'MEAL-1102');
insert into Spring23_S003_12_delivery_mealkit (Worker_SSN, mealkit_id) values ('300-19-6354', 'MEAL-0187');
insert into Spring23_S003_12_delivery_mealkit (Worker_SSN, mealkit_id) values ('733-90-9329', 'MEAL-8260');
insert into Spring23_S003_12_delivery_mealkit (Worker_SSN, mealkit_id) values ('300-19-6354', 'MEAL-4929');
insert into Spring23_S003_12_delivery_mealkit (Worker_SSN, mealkit_id) values ('457-62-9013', 'MEAL-9763');
insert into Spring23_S003_12_delivery_mealkit (Worker_SSN, mealkit_id) values ('968-73-6942', 'MEAL-9617');
insert into Spring23_S003_12_delivery_mealkit (Worker_SSN, mealkit_id) values ('367-99-6974', 'MEAL-6833');
insert into Spring23_S003_12_delivery_mealkit (Worker_SSN, mealkit_id) values ('606-05-3860', 'MEAL-2751');
insert into Spring23_S003_12_delivery_mealkit (Worker_SSN, mealkit_id) values ('252-58-5789', 'MEAL-6519');
insert into Spring23_S003_12_delivery_mealkit (Worker_SSN, mealkit_id) values ('840-75-3555', 'MEAL-0507');
insert into Spring23_S003_12_delivery_mealkit (Worker_SSN, mealkit_id) values ('097-56-0350', 'MEAL-9425');
insert into Spring23_S003_12_delivery_mealkit (Worker_SSN, mealkit_id) values ('606-05-3860', 'MEAL-1703');
insert into Spring23_S003_12_delivery_mealkit (Worker_SSN, mealkit_id) values ('715-57-8723', 'MEAL-1268');
insert into Spring23_S003_12_delivery_mealkit (Worker_SSN, mealkit_id) values ('606-05-3860', 'MEAL-2237');
insert into Spring23_S003_12_delivery_mealkit (Worker_SSN, mealkit_id) values ('508-64-7951', 'MEAL-6281');
insert into Spring23_S003_12_delivery_mealkit (Worker_SSN, mealkit_id) values ('343-11-2784', 'MEAL-0029');
insert into Spring23_S003_12_delivery_mealkit (Worker_SSN, mealkit_id) values ('211-11-0365', 'MEAL-1089');
insert into Spring23_S003_12_delivery_mealkit (Worker_SSN, mealkit_id) values ('950-81-7792', 'MEAL-1936');
insert into Spring23_S003_12_delivery_mealkit (Worker_SSN, mealkit_id) values ('275-29-1026', 'MEAL-6449');
insert into Spring23_S003_12_delivery_mealkit (Worker_SSN, mealkit_id) values ('614-46-9390', 'MEAL-0231');
insert into Spring23_S003_12_delivery_mealkit (Worker_SSN, mealkit_id) values ('173-34-5291', 'MEAL-7701');
insert into Spring23_S003_12_delivery_mealkit (Worker_SSN, mealkit_id) values ('097-56-0350', 'MEAL-7617');
insert into Spring23_S003_12_delivery_mealkit (Worker_SSN, mealkit_id) values ('457-62-9013', 'MEAL-5122');
insert into Spring23_S003_12_delivery_mealkit (Worker_SSN, mealkit_id) values ('400-98-9436', 'MEAL-6693');
insert into Spring23_S003_12_delivery_mealkit (Worker_SSN, mealkit_id) values ('567-49-3403', 'MEAL-5242');
insert into Spring23_S003_12_delivery_mealkit (Worker_SSN, mealkit_id) values ('275-29-1026', 'MEAL-1100');
insert into Spring23_S003_12_delivery_mealkit (Worker_SSN, mealkit_id) values ('733-90-9329', 'MEAL-0092');
insert into Spring23_S003_12_delivery_mealkit (Worker_SSN, mealkit_id) values ('595-98-8949', 'MEAL-3416');
insert into Spring23_S003_12_delivery_mealkit (Worker_SSN, mealkit_id) values ('266-62-2409', 'MEAL-3422');
insert into Spring23_S003_12_delivery_mealkit (Worker_SSN, mealkit_id) values ('056-94-7744', 'MEAL-1159');
insert into Spring23_S003_12_delivery_mealkit (Worker_SSN, mealkit_id) values ('606-05-3860', 'MEAL-8930');
insert into Spring23_S003_12_delivery_mealkit (Worker_SSN, mealkit_id) values ('097-56-0350', 'MEAL-9436');
insert into Spring23_S003_12_delivery_mealkit (Worker_SSN, mealkit_id) values ('128-96-3933', 'MEAL-5320');
insert into Spring23_S003_12_delivery_mealkit (Worker_SSN, mealkit_id) values ('955-02-4626', 'MEAL-2251');
insert into Spring23_S003_12_delivery_mealkit (Worker_SSN, mealkit_id) values ('692-79-8234', 'MEAL-5295');
insert into Spring23_S003_12_delivery_mealkit (Worker_SSN, mealkit_id) values ('275-29-1026', 'MEAL-3443');
insert into Spring23_S003_12_delivery_mealkit (Worker_SSN, mealkit_id) values ('457-62-9013', 'MEAL-3799');
insert into Spring23_S003_12_delivery_mealkit (Worker_SSN, mealkit_id) values ('617-43-7091', 'MEAL-0431');
insert into Spring23_S003_12_delivery_mealkit (Worker_SSN, mealkit_id) values ('602-59-1269', 'MEAL-7480');
insert into Spring23_S003_12_delivery_mealkit (Worker_SSN, mealkit_id) values ('195-61-5766', 'MEAL-1078');
insert into Spring23_S003_12_delivery_mealkit (Worker_SSN, mealkit_id) values ('614-46-9390', 'MEAL-2155');
insert into Spring23_S003_12_delivery_mealkit (Worker_SSN, mealkit_id) values ('733-90-9329', 'MEAL-9311');
insert into Spring23_S003_12_delivery_mealkit (Worker_SSN, mealkit_id) values ('614-46-9390', 'MEAL-4795');
insert into Spring23_S003_12_delivery_mealkit (Worker_SSN, mealkit_id) values ('343-11-2784', 'MEAL-6876');






insert into Spring23_S003_12_Mealkit (Mealkit_id, Vendor_ID, Warehouse_ID, Cusine_type, Mealkit_desc) values ('MEAL-7617', 'V1-238', 'WARE-v876', 'Indian', 'rice and veggies');
insert into Spring23_S003_12_Mealkit (Mealkit_id, Vendor_ID, Warehouse_ID, Cusine_type, Mealkit_desc) values ('MEAL-9141', 'V9-669', 'WARE-k420', 'Indian', 'beef and broocli');
insert into Spring23_S003_12_Mealkit (Mealkit_id, Vendor_ID, Warehouse_ID, Cusine_type, Mealkit_desc) values ('MEAL-9436', 'V9-593', 'WARE-k509', 'Chinese', 'chicken and broccli');
insert into Spring23_S003_12_Mealkit (Mealkit_id, Vendor_ID, Warehouse_ID, Cusine_type, Mealkit_desc) values ('MEAL-1022', 'V9-689', 'WARE-P817', 'mediterranean', 'turkey sandwich');
insert into Spring23_S003_12_Mealkit (Mealkit_id, Vendor_ID, Warehouse_ID, Cusine_type, Mealkit_desc) values ('MEAL-6094', 'V5-146', 'WARE-w718', 'Greek', 'baked salmon');
insert into Spring23_S003_12_Mealkit (Mealkit_id, Vendor_ID, Warehouse_ID, Cusine_type, Mealkit_desc) values ('MEAL-8572', 'V0-693', 'WARE-O053', 'mediterranean', 'salad');
insert into Spring23_S003_12_Mealkit (Mealkit_id, Vendor_ID, Warehouse_ID, Cusine_type, Mealkit_desc) values ('MEAL-1100', 'V3-148', 'WARE-t402', 'Indian', 'baked salmon');
insert into Spring23_S003_12_Mealkit (Mealkit_id, Vendor_ID, Warehouse_ID, Cusine_type, Mealkit_desc) values ('MEAL-3213', 'V3-090', 'WARE-P511', 'Italian', 'turkey sandwich');
insert into Spring23_S003_12_Mealkit (Mealkit_id, Vendor_ID, Warehouse_ID, Cusine_type, Mealkit_desc) values ('MEAL-0029', 'V1-324', 'WARE-k260', 'mediterranean', 'turkey sandwich');
insert into Spring23_S003_12_Mealkit (Mealkit_id, Vendor_ID, Warehouse_ID, Cusine_type, Mealkit_desc) values ('MEAL-6876', 'V3-350', 'WARE-P511', 'American', 'salad');
insert into Spring23_S003_12_Mealkit (Mealkit_id, Vendor_ID, Warehouse_ID, Cusine_type, Mealkit_desc) values ('MEAL-4556', 'V0-371', 'WARE-P511', 'mediterranean', 'baked salmon');
insert into Spring23_S003_12_Mealkit (Mealkit_id, Vendor_ID, Warehouse_ID, Cusine_type, Mealkit_desc) values ('MEAL-1703', 'V4-819', 'WARE-7031', 'American', 'rice and veggies');
insert into Spring23_S003_12_Mealkit (Mealkit_id, Vendor_ID, Warehouse_ID, Cusine_type, Mealkit_desc) values ('MEAL-9252', 'V0-300', 'WARE-P817', 'Italian', 'turkey sandwich');
insert into Spring23_S003_12_Mealkit (Mealkit_id, Vendor_ID, Warehouse_ID, Cusine_type, Mealkit_desc) values ('MEAL-0519', 'V5-286', 'WARE-m198', 'Indian', 'turkey sandwich');
insert into Spring23_S003_12_Mealkit (Mealkit_id, Vendor_ID, Warehouse_ID, Cusine_type, Mealkit_desc) values ('MEAL-1102', 'V7-888', 'WARE-9089', 'Italian', 'salad');
insert into Spring23_S003_12_Mealkit (Mealkit_id, Vendor_ID, Warehouse_ID, Cusine_type, Mealkit_desc) values ('MEAL-3422', 'V1-125', 'WARE-a904', 'American', 'turkey sandwich');
insert into Spring23_S003_12_Mealkit (Mealkit_id, Vendor_ID, Warehouse_ID, Cusine_type, Mealkit_desc) values ('MEAL-6519', 'V8-197', 'WARE-H877', 'Italian', 'turkey sandwich');
insert into Spring23_S003_12_Mealkit (Mealkit_id, Vendor_ID, Warehouse_ID, Cusine_type, Mealkit_desc) values ('MEAL-4929', 'V3-090', 'WARE-7031', 'Italian', 'baked salmon');
insert into Spring23_S003_12_Mealkit (Mealkit_id, Vendor_ID, Warehouse_ID, Cusine_type, Mealkit_desc) values ('MEAL-7304', 'V6-463', 'WARE-H877', 'Chinese', 'salad');
insert into Spring23_S003_12_Mealkit (Mealkit_id, Vendor_ID, Warehouse_ID, Cusine_type, Mealkit_desc) values ('MEAL-4795', 'V1-441', 'WARE-m198', 'Italian', 'rice and veggies');
insert into Spring23_S003_12_Mealkit (Mealkit_id, Vendor_ID, Warehouse_ID, Cusine_type, Mealkit_desc) values ('MEAL-2251', 'V7-251', 'WARE-t934', 'American', 'salad');
insert into Spring23_S003_12_Mealkit (Mealkit_id, Vendor_ID, Warehouse_ID, Cusine_type, Mealkit_desc) values ('MEAL-1078', 'V5-580', 'WARE-R718', 'Indian', 'beef and broocli');
insert into Spring23_S003_12_Mealkit (Mealkit_id, Vendor_ID, Warehouse_ID, Cusine_type, Mealkit_desc) values ('MEAL-0431', 'V9-775', 'WARE-b147', 'Chinese', 'home made pizza');
insert into Spring23_S003_12_Mealkit (Mealkit_id, Vendor_ID, Warehouse_ID, Cusine_type, Mealkit_desc) values ('MEAL-4981', 'V8-197', 'WARE-k509', 'Indian', 'baked salmon');
insert into Spring23_S003_12_Mealkit (Mealkit_id, Vendor_ID, Warehouse_ID, Cusine_type, Mealkit_desc) values ('MEAL-6281', 'V3-350', 'WARE-7627', 'Italian', 'salad');
insert into Spring23_S003_12_Mealkit (Mealkit_id, Vendor_ID, Warehouse_ID, Cusine_type, Mealkit_desc) values ('MEAL-8260', 'V3-446', 'WARE-f496', 'Chinese', 'turkey sandwich');
insert into Spring23_S003_12_Mealkit (Mealkit_id, Vendor_ID, Warehouse_ID, Cusine_type, Mealkit_desc) values ('MEAL-6693', 'V9-669', 'WARE-a687', 'Greek', 'turkey sandwich');
insert into Spring23_S003_12_Mealkit (Mealkit_id, Vendor_ID, Warehouse_ID, Cusine_type, Mealkit_desc) values ('MEAL-6127', 'V5-044', 'WARE-I575', 'mediterranean', 'chicken and broccli');
insert into Spring23_S003_12_Mealkit (Mealkit_id, Vendor_ID, Warehouse_ID, Cusine_type, Mealkit_desc) values ('MEAL-2237', 'V0-303', 'WARE-w865', 'American', 'beef and broocli');
insert into Spring23_S003_12_Mealkit (Mealkit_id, Vendor_ID, Warehouse_ID, Cusine_type, Mealkit_desc) values ('MEAL-5292', 'V0-107', 'WARE-U398', 'Italian', 'rice and veggies');
insert into Spring23_S003_12_Mealkit (Mealkit_id, Vendor_ID, Warehouse_ID, Cusine_type, Mealkit_desc) values ('MEAL-7398', 'V0-617', 'WARE-7031', 'Chinese', 'salad');
insert into Spring23_S003_12_Mealkit (Mealkit_id, Vendor_ID, Warehouse_ID, Cusine_type, Mealkit_desc) values ('MEAL-4117', 'V5-009', 'WARE-n180', 'American', 'rice and veggies');
insert into Spring23_S003_12_Mealkit (Mealkit_id, Vendor_ID, Warehouse_ID, Cusine_type, Mealkit_desc) values ('MEAL-0718', 'V1-238', 'WARE-t934', 'Greek', 'turkey sandwich');
insert into Spring23_S003_12_Mealkit (Mealkit_id, Vendor_ID, Warehouse_ID, Cusine_type, Mealkit_desc) values ('MEAL-9059', 'V9-775', 'WARE-R718', 'Indian', 'home made pizza');
insert into Spring23_S003_12_Mealkit (Mealkit_id, Vendor_ID, Warehouse_ID, Cusine_type, Mealkit_desc) values ('MEAL-5242', 'V1-441', 'WARE-z052', 'mediterranean', 'rice and veggies');
insert into Spring23_S003_12_Mealkit (Mealkit_id, Vendor_ID, Warehouse_ID, Cusine_type, Mealkit_desc) values ('MEAL-9785', 'V7-456', 'WARE-P461', 'Indian', 'baked salmon');
insert into Spring23_S003_12_Mealkit (Mealkit_id, Vendor_ID, Warehouse_ID, Cusine_type, Mealkit_desc) values ('MEAL-6846', 'V5-580', 'WARE-N046', 'Indian', 'turkey sandwich');
insert into Spring23_S003_12_Mealkit (Mealkit_id, Vendor_ID, Warehouse_ID, Cusine_type, Mealkit_desc) values ('MEAL-6901', 'V8-769', 'WARE-b181', 'Indian', 'beef and broocli');
insert into Spring23_S003_12_Mealkit (Mealkit_id, Vendor_ID, Warehouse_ID, Cusine_type, Mealkit_desc) values ('MEAL-5122', 'V8-197', 'WARE-k420', 'Greek', 'home made pizza');
insert into Spring23_S003_12_Mealkit (Mealkit_id, Vendor_ID, Warehouse_ID, Cusine_type, Mealkit_desc) values ('MEAL-9896', 'V7-456', 'WARE-Y685', 'Indian', 'baked salmon');
insert into Spring23_S003_12_Mealkit (Mealkit_id, Vendor_ID, Warehouse_ID, Cusine_type, Mealkit_desc) values ('MEAL-1763', 'V9-502', 'WARE-k420', 'Chinese', 'baked salmon');
insert into Spring23_S003_12_Mealkit (Mealkit_id, Vendor_ID, Warehouse_ID, Cusine_type, Mealkit_desc) values ('MEAL-3443', 'V1-019', 'WARE-p686', 'Indian', 'home made pizza');
insert into Spring23_S003_12_Mealkit (Mealkit_id, Vendor_ID, Warehouse_ID, Cusine_type, Mealkit_desc) values ('MEAL-7480', 'V0-693', 'WARE-z052', 'Italian', 'chicken and broccli');
insert into Spring23_S003_12_Mealkit (Mealkit_id, Vendor_ID, Warehouse_ID, Cusine_type, Mealkit_desc) values ('MEAL-0507', 'V0-371', 'WARE-A746', 'Greek', 'baked salmon');
insert into Spring23_S003_12_Mealkit (Mealkit_id, Vendor_ID, Warehouse_ID, Cusine_type, Mealkit_desc) values ('MEAL-9763', 'V2-178', 'WARE-a904', 'American', 'salad');
insert into Spring23_S003_12_Mealkit (Mealkit_id, Vendor_ID, Warehouse_ID, Cusine_type, Mealkit_desc) values ('MEAL-2751', 'V2-993', 'WARE-f496', 'mediterranean', 'salad');
insert into Spring23_S003_12_Mealkit (Mealkit_id, Vendor_ID, Warehouse_ID, Cusine_type, Mealkit_desc) values ('MEAL-3799', 'V4-644', 'WARE-3499', 'mediterranean', 'rice and veggies');
insert into Spring23_S003_12_Mealkit (Mealkit_id, Vendor_ID, Warehouse_ID, Cusine_type, Mealkit_desc) values ('MEAL-5295', 'V4-867', 'WARE-n180', 'mediterranean', 'baked salmon');
insert into Spring23_S003_12_Mealkit (Mealkit_id, Vendor_ID, Warehouse_ID, Cusine_type, Mealkit_desc) values ('MEAL-5259', 'V0-279', 'WARE-T898', 'mediterranean', 'home made pizza');
insert into Spring23_S003_12_Mealkit (Mealkit_id, Vendor_ID, Warehouse_ID, Cusine_type, Mealkit_desc) values ('MEAL-2155', 'V0-303', 'WARE-A746', 'Chinese', 'beef and broocli');
insert into Spring23_S003_12_Mealkit (Mealkit_id, Vendor_ID, Warehouse_ID, Cusine_type, Mealkit_desc) values ('MEAL-3693', 'V6-792', 'WARE-9089', 'Greek', 'chicken and broccli');
insert into Spring23_S003_12_Mealkit (Mealkit_id, Vendor_ID, Warehouse_ID, Cusine_type, Mealkit_desc) values ('MEAL-4055', 'V1-043', 'WARE-I205', 'mediterranean', 'home made pizza');
insert into Spring23_S003_12_Mealkit (Mealkit_id, Vendor_ID, Warehouse_ID, Cusine_type, Mealkit_desc) values ('MEAL-3460', 'V1-441', 'WARE-b596', 'Indian', 'rice and veggies');
insert into Spring23_S003_12_Mealkit (Mealkit_id, Vendor_ID, Warehouse_ID, Cusine_type, Mealkit_desc) values ('MEAL-1268', 'V1-015', 'WARE-7474', 'Italian', 'chicken and broccli');
insert into Spring23_S003_12_Mealkit (Mealkit_id, Vendor_ID, Warehouse_ID, Cusine_type, Mealkit_desc) values ('MEAL-9472', 'V9-775', 'WARE-m198', 'Indian', 'home made pizza');
insert into Spring23_S003_12_Mealkit (Mealkit_id, Vendor_ID, Warehouse_ID, Cusine_type, Mealkit_desc) values ('MEAL-8930', 'V1-149', 'WARE-v876', 'Greek', 'beef and broocli');
insert into Spring23_S003_12_Mealkit (Mealkit_id, Vendor_ID, Warehouse_ID, Cusine_type, Mealkit_desc) values ('MEAL-7144', 'V1-149', 'WARE-H877', 'Indian', 'chicken and broccli');






insert into Spring23_S003_12_customer1 (Customer_id, Email, SubscriptionID) values ('F1719', 'ltonn1r@zdnet.com', 'qazg-22158');
insert into Spring23_S003_12_customer1 (Customer_id, Email, SubscriptionID) values ('I0685', 'jdahlec@netscape.com', 'wpin-93203');
insert into Spring23_S003_12_customer1 (Customer_id, Email, SubscriptionID) values ('B0684', 'ddeekes1o@skype.com', 'ithj-51647');
insert into Spring23_S003_12_customer1 (Customer_id, Email, SubscriptionID) values ('D3170', 'vbithany11@a8.net', 'nhfj-71418');
insert into Spring23_S003_12_customer1 (Customer_id, Email, SubscriptionID) values ('K9191', 'kflitcroftv@google.co.jp', 'vwxb-47660');
insert into Spring23_S003_12_customer1 (Customer_id, Email, SubscriptionID) values ('E2238', 'espohr2@github.io', 'jowh-38959');
insert into Spring23_S003_12_customer1 (Customer_id, Email, SubscriptionID) values ('S6127', 'kstewardp@hao123.com', 'irvn-54367');
insert into Spring23_S003_12_customer1 (Customer_id, Email, SubscriptionID) values ('P9243', 'ksiflet5@yelp.com', 'cldi-83724');
insert into Spring23_S003_12_customer1 (Customer_id, Email, SubscriptionID) values ('A4646', 'blafferty13@washingtonpost.com', 'mgfx-09851');
insert into Spring23_S003_12_customer1 (Customer_id, Email, SubscriptionID) values ('Y0831', 'ehourahan1v@eepurl.com', 'dblr-90487');
insert into Spring23_S003_12_customer1 (Customer_id, Email, SubscriptionID) values ('M3958', 'ltailby14@addthis.com', 'ytpc-50902');
insert into Spring23_S003_12_customer1 (Customer_id, Email, SubscriptionID) values ('Y1655', 'enardie@blinklist.com', 'kdag-01330');
insert into Spring23_S003_12_customer1 (Customer_id, Email, SubscriptionID) values ('C8297', 'soddboyg@netvibes.com', 'bfyd-66816');
insert into Spring23_S003_12_customer1 (Customer_id, Email, SubscriptionID) values ('P4957', 'eguilfoylel@independent.co.uk', 'fusj-27332');
insert into Spring23_S003_12_customer1 (Customer_id, Email, SubscriptionID) values ('S6508', 'ulawrie1e@canalblog.com', 'qnqw-11378');
insert into Spring23_S003_12_customer1 (Customer_id, Email, SubscriptionID) values ('J6843', 'gstoneley1c@ed.gov', 'joyc-91610');
insert into Spring23_S003_12_customer1 (Customer_id, Email, SubscriptionID) values ('T1336', 'mgaytond@washington.edu', 'vkin-48777');
insert into Spring23_S003_12_customer1 (Customer_id, Email, SubscriptionID) values ('I9810', 'tmaccaffery17@prlog.org', 'rtfr-52754');
insert into Spring23_S003_12_customer1 (Customer_id, Email, SubscriptionID) values ('J8258', 'mcolleymore19@com.com', 'hmpx-05497');
insert into Spring23_S003_12_customer1 (Customer_id, Email, SubscriptionID) values ('U7811', 'rkerrey1n@pinterest.com', 'fguv-97293');
insert into Spring23_S003_12_customer1 (Customer_id, Email, SubscriptionID) values ('U2716', 'bsheldrake1s@biblegateway.com', 'nyts-45972');
insert into Spring23_S003_12_customer1 (Customer_id, Email, SubscriptionID) values ('A7016', 'kulyeti@sciencedaily.com', 'vodd-02342');
insert into Spring23_S003_12_customer1 (Customer_id, Email, SubscriptionID) values ('B9553', 'arubegas@smugmug.com', 'iwdv-15625');
insert into Spring23_S003_12_customer1 (Customer_id, Email, SubscriptionID) values ('M5883', 'wspeedin1b@adobe.com', 'cdgq-68582');
insert into Spring23_S003_12_customer1 (Customer_id, Email, SubscriptionID) values ('O4197', 'nsandeland1g@alexa.com', 'mrrn-22792');
insert into Spring23_S003_12_customer1 (Customer_id, Email, SubscriptionID) values ('Y5716', 'fwalworchef@indiatimes.com', 'dpjg-83976');
insert into Spring23_S003_12_customer1 (Customer_id, Email, SubscriptionID) values ('E5743', 'ateers0@thetimes.co.uk', 'qiyr-86928');
insert into Spring23_S003_12_customer1 (Customer_id, Email, SubscriptionID) values ('F7763', 'wfance1j@tripod.com', 'felb-81667');
insert into Spring23_S003_12_customer1 (Customer_id, Email, SubscriptionID) values ('L7319', 'draeb@mayoclinic.com', 'gxfh-87384');
insert into Spring23_S003_12_customer1 (Customer_id, Email, SubscriptionID) values ('S6079', 'avanoort9@vinaora.com', 'gldk-73013');
insert into Spring23_S003_12_customer1 (Customer_id, Email, SubscriptionID) values ('V8270', 'abrandliz@clickbank.net', 'bnzp-05237');
insert into Spring23_S003_12_customer1 (Customer_id, Email, SubscriptionID) values ('I3481', 'lhussey1m@google.com.br', 'buor-01503');
insert into Spring23_S003_12_customer1 (Customer_id, Email, SubscriptionID) values ('M2133', 'bscamwell1x@foxnews.com', 'qrah-19069');
insert into Spring23_S003_12_customer1 (Customer_id, Email, SubscriptionID) values ('V3599', 'amoratj@ftc.gov', 'zmar-13431');
insert into Spring23_S003_12_customer1 (Customer_id, Email, SubscriptionID) values ('H3100', 'agodmar4@ucsd.edu', 'xszg-56850');
insert into Spring23_S003_12_customer1 (Customer_id, Email, SubscriptionID) values ('E7886', 'oaronsohn3@rakuten.co.jp', 'ogvk-41965');
insert into Spring23_S003_12_customer1 (Customer_id, Email, SubscriptionID) values ('N5089', 'btickle1q@rakuten.co.jp', 'jrvd-35886');
insert into Spring23_S003_12_customer1 (Customer_id, Email, SubscriptionID) values ('Z1989', 'jcabralesm@umich.edu', 'irzb-14361');
insert into Spring23_S003_12_customer1 (Customer_id, Email, SubscriptionID) values ('W3406', 'bchurchingy@soup.io', 'swmb-54440');
insert into Spring23_S003_12_customer1 (Customer_id, Email, SubscriptionID) values ('J7487', 'mdabellw@i2i.jp', 'uhuc-76654');
insert into Spring23_S003_12_customer1 (Customer_id, Email, SubscriptionID) values ('W4881', 'mdurn1t@a8.net', 'vwqt-09243');
insert into Spring23_S003_12_customer1 (Customer_id, Email, SubscriptionID) values ('U3662', 'cstainland1k@paypal.com', 'ooeh-87530');
insert into Spring23_S003_12_customer1 (Customer_id, Email, SubscriptionID) values ('J0304', 'ktheurer16@wikispaces.com', 'oioh-81816');
insert into Spring23_S003_12_customer1 (Customer_id, Email, SubscriptionID) values ('L2229', 'bsnarie1l@alibaba.com', 'fqse-42874');
insert into Spring23_S003_12_customer1 (Customer_id, Email, SubscriptionID) values ('E1322', 'wjeremaes1d@mayoclinic.com', 'chst-02943');
insert into Spring23_S003_12_customer1 (Customer_id, Email, SubscriptionID) values ('P9275', 'sleftbridge1a@aol.com', 'eyie-70806');
insert into Spring23_S003_12_customer1 (Customer_id, Email, SubscriptionID) values ('L7444', 'lwestheadk@prweb.com', 'szit-44485');
insert into Spring23_S003_12_customer1 (Customer_id, Email, SubscriptionID) values ('K4175', 'smathew10@boston.com', 'fwtm-34513');
insert into Spring23_S003_12_customer1 (Customer_id, Email, SubscriptionID) values ('A9413', 'dstclair1w@amazon.co.uk', 'dtwj-05590');
insert into Spring23_S003_12_customer1 (Customer_id, Email, SubscriptionID) values ('M3122', 'xshawdforthr@google.com.au', 'aaxo-24967');
insert into Spring23_S003_12_customer1 (Customer_id, Email, SubscriptionID) values ('A2427', 'oudyo@artisteer.com', 'xrav-01026');
insert into Spring23_S003_12_customer1 (Customer_id, Email, SubscriptionID) values ('W6783', 'rricciardin@friendfeed.com', 'nxnb-74686');
insert into Spring23_S003_12_customer1 (Customer_id, Email, SubscriptionID) values ('I4700', 'ehechlin12@guardian.co.uk', 'rhyl-19004');





insert into Spring23_S003_12_Customer2 (Customer_id, Customer_Name, Dob, Gender, Address, Occupation) values ('P4957', 'Marina Dilks', '4-29-2022', 'F', '04 Corry Court', 'Account Representative III');
insert into Spring23_S003_12_Customer2 (Customer_id, Customer_Name, Dob, Gender, Address, Occupation) values ('J0304', 'Danny Nanni', '10-10-2022', 'F', '4858 Continental Court', 'Civil Engineer');
insert into Spring23_S003_12_Customer2 (Customer_id, Customer_Name, Dob, Gender, Address, Occupation) values ('I3481', 'Letizia Bradder', '8-10-2022', 'F', '35461 Dawn Road', 'Environmental Tech');
insert into Spring23_S003_12_Customer2 (Customer_id, Customer_Name, Dob, Gender, Address, Occupation) values ('W6783', 'Emmery Carluccio', '10-10-2022', 'F', '8057 Michigan Parkway', 'Civil Engineer');
insert into Spring23_S003_12_Customer2 (Customer_id, Customer_Name, Dob, Gender, Address, Occupation) values ('L0684', 'Jeannette Spilsburie', '12-9-2022', 'F', '4474 Farwell Point', 'Web Developer II');
insert into Spring23_S003_12_Customer2 (Customer_id, Customer_Name, Dob, Gender, Address, Occupation) values ('S6508', 'Gabriele Spuner', '1-10-2023', 'M', '9705 Hooker Hill', 'Teacher');
insert into Spring23_S003_12_Customer2 (Customer_id, Customer_Name, Dob, Gender, Address, Occupation) values ('L0005', 'Wald Prestner', '8-4-2022', 'M', '9323 Melvin Trail', 'Recruiting Manager');
insert into Spring23_S003_12_Customer2 (Customer_id, Customer_Name, Dob, Gender, Address, Occupation) values ('E1322', 'Paolo Barkworth', '8-4-2022', 'M', '26 Harbort Terrace', 'Nuclear Power Engineer');
insert into Spring23_S003_12_Customer2 (Customer_id, Customer_Name, Dob, Gender, Address, Occupation) values ('J8258', 'Marilyn Cordelle', '6-11-2022', 'M', '9 Crowley Park', 'Structural Analysis Engineer');
insert into Spring23_S003_12_Customer2 (Customer_id, Customer_Name, Dob, Gender, Address, Occupation) values ('B7358', 'Ansel Hughlock', '10-10-2022', 'M', '6495 Eastlawn Court', 'Food Chemist');
insert into Spring23_S003_12_Customer2 (Customer_id, Customer_Name, Dob, Gender, Address, Occupation) values ('S7252', 'Atlante Sherrell', '5-25-2022', 'M', '99 Killdeer Crossing', 'Analyst Programmer');
insert into Spring23_S003_12_Customer2 (Customer_id, Customer_Name, Dob, Gender, Address, Occupation) values ('P9275', 'Marna Charleston', '3-18-2023', 'F', '080 Scofield Road', 'Human Resources Manager');
insert into Spring23_S003_12_Customer2 (Customer_id, Customer_Name, Dob, Gender, Address, Occupation) values ('M3958', 'Letizia Bradder', '2-21-2023', 'F', '38 Park Meadow Place', 'Clinical Specialist');
insert into Spring23_S003_12_Customer2 (Customer_id, Customer_Name, Dob, Gender, Address, Occupation) values ('J6843', 'Atlante Sherrell', '9-9-2022', 'F', '0834 Lakewood Gardens Crossing', 'Systems Administrator II');
insert into Spring23_S003_12_Customer2 (Customer_id, Customer_Name, Dob, Gender, Address, Occupation) values ('S6127', 'Alma Ealles', '4-30-2022', 'M', '01049 Anderson Crossing', 'Occupational Therapist');
insert into Spring23_S003_12_Customer2 (Customer_id, Customer_Name, Dob, Gender, Address, Occupation) values ('F1719', 'Emmery Carluccio', '3-17-2023', 'M', '2 Summit Point', 'Research Associate');
insert into Spring23_S003_12_Customer2 (Customer_id, Customer_Name, Dob, Gender, Address, Occupation) values ('A4646', 'Fiorenze Gibben', '3-17-2023', 'F', '2514 Shasta Park', 'Civil Engineer');
insert into Spring23_S003_12_Customer2 (Customer_id, Customer_Name, Dob, Gender, Address, Occupation) values ('D3170', 'Riccardo Mollen', '5-27-2022', 'M', '6495 Eastlawn Court', 'Computer Systems Analyst III');
insert into Spring23_S003_12_Customer2 (Customer_id, Customer_Name, Dob, Gender, Address, Occupation) values ('W4881', 'Isobel Light', '12-24-2022', 'M', '331 Dennis Street', 'Administrative Officer');
insert into Spring23_S003_12_Customer2 (Customer_id, Customer_Name, Dob, Gender, Address, Occupation) values ('U3662', 'Kelsey Corneil', '4-17-2023', 'M', '01049 Anderson Crossing', 'Senior Editor');
insert into Spring23_S003_12_Customer2 (Customer_id, Customer_Name, Dob, Gender, Address, Occupation) values ('M2133', 'Wald Prestner', '1-9-2023', 'F', '091 Reindahl Point', 'Budget/Accounting Analyst I');
insert into Spring23_S003_12_Customer2 (Customer_id, Customer_Name, Dob, Gender, Address, Occupation) values ('L2229', 'Cornelia Butterfint', '12-8-2022', 'F', '03991 Kinsman Point', 'General Manager');
insert into Spring23_S003_12_Customer2 (Customer_id, Customer_Name, Dob, Gender, Address, Occupation) values ('T8092', 'Jeff Jacmard', '3-17-2023', 'F', '38 Park Meadow Place', 'Speech Pathologist');
insert into Spring23_S003_12_Customer2 (Customer_id, Customer_Name, Dob, Gender, Address, Occupation) values ('K9191', 'Paolo Barkworth', '5-27-2022', 'F', '22 Jay Circle', 'Marketing Assistant');
insert into Spring23_S003_12_Customer2 (Customer_id, Customer_Name, Dob, Gender, Address, Occupation) values ('H3100', 'Mayne Elwood', '10-22-2022', 'F', '8392 3rd Street', 'Dental Hygienist');
insert into Spring23_S003_12_Customer2 (Customer_id, Customer_Name, Dob, Gender, Address, Occupation) values ('U7811', 'Georg Paur', '8-18-2022', 'M', '8210 Maryland Court', 'Web Developer II');
insert into Spring23_S003_12_Customer2 (Customer_id, Customer_Name, Dob, Gender, Address, Occupation) values ('R2159', 'Briano Buddle', '3-15-2023', 'M', '318 Ronald Regan Center', 'Research Associate');
insert into Spring23_S003_12_Customer2 (Customer_id, Customer_Name, Dob, Gender, Address, Occupation) values ('B0684', 'Atlante Sherrell', '3-24-2023', 'M', '8057 Michigan Parkway', 'Occupational Therapist');
insert into Spring23_S003_12_Customer2 (Customer_id, Customer_Name, Dob, Gender, Address, Occupation) values ('R5991', 'Ward Gullefant', '8-10-2022', 'F', '99 Killdeer Crossing', 'Account Executive');
insert into Spring23_S003_12_Customer2 (Customer_id, Customer_Name, Dob, Gender, Address, Occupation) values ('K4175', 'Dionis Ivanchenkov', '4-30-2022', 'M', '22 Jay Circle', 'Account Executive');
insert into Spring23_S003_12_Customer2 (Customer_id, Customer_Name, Dob, Gender, Address, Occupation) values ('V8270', 'Cecile Coalbran', '4-17-2023', 'F', '3 Surrey Hill', 'VP Product Management');
insert into Spring23_S003_12_Customer2 (Customer_id, Customer_Name, Dob, Gender, Address, Occupation) values ('T1336', 'Marna Charleston', '9-8-2022', 'M', '080 Scofield Road', 'Office Assistant III');
insert into Spring23_S003_12_Customer2 (Customer_id, Customer_Name, Dob, Gender, Address, Occupation) values ('A2427', 'Bo Buttrum', '3-15-2023', 'F', '6412 Knutson Pass', 'Software Engineer III');
insert into Spring23_S003_12_Customer2 (Customer_id, Customer_Name, Dob, Gender, Address, Occupation) values ('I9810', 'Alain Dunabie', '5-1-2022', 'F', '01049 Anderson Crossing', 'Occupational Therapist');
insert into Spring23_S003_12_Customer2 (Customer_id, Customer_Name, Dob, Gender, Address, Occupation) values ('Z9599', 'Shawn Brookz', '5-27-2022', 'M', '9705 Hooker Hill', 'Product Engineer');
insert into Spring23_S003_12_Customer2 (Customer_id, Customer_Name, Dob, Gender, Address, Occupation) values ('V1441', 'Skell Whyley', '4-9-2023', 'F', '07416 Meadow Vale Plaza', 'Computer Systems Analyst III');
insert into Spring23_S003_12_Customer2 (Customer_id, Customer_Name, Dob, Gender, Address, Occupation) values ('E5743', 'Marilyn Cordelle', '2-16-2023', 'F', '9323 Melvin Trail', 'Occupational Therapist');
insert into Spring23_S003_12_Customer2 (Customer_id, Customer_Name, Dob, Gender, Address, Occupation) values ('D8101', 'Arlyne Holtaway', '4-17-2023', 'F', '9213 Marcy Lane', 'Structural Analysis Engineer');
insert into Spring23_S003_12_Customer2 (Customer_id, Customer_Name, Dob, Gender, Address, Occupation) values ('Z1989', 'Ardelis Pinkney', '4-29-2022', 'F', '6412 Knutson Pass', 'Budget/Accounting Analyst I');
insert into Spring23_S003_12_Customer2 (Customer_id, Customer_Name, Dob, Gender, Address, Occupation) values ('P9243', 'Kelbee Camies', '8-18-2022', 'F', '290 Bobwhite Lane', 'Cost Accountant');
insert into Spring23_S003_12_Customer2 (Customer_id, Customer_Name, Dob, Gender, Address, Occupation) values ('F1343', 'Johanna Benting', '9-6-2022', 'M', '275 Anhalt Parkway', 'Editor');
insert into Spring23_S003_12_Customer2 (Customer_id, Customer_Name, Dob, Gender, Address, Occupation) values ('I4700', 'Riccardo Mollen', '4-17-2023', 'F', '06 Duke Park', 'VP Sales');
insert into Spring23_S003_12_Customer2 (Customer_id, Customer_Name, Dob, Gender, Address, Occupation) values ('S6079', 'Shanna Loughan', '12-8-2022', 'F', '080 Scofield Road', 'Dental Hygienist');
insert into Spring23_S003_12_Customer2 (Customer_id, Customer_Name, Dob, Gender, Address, Occupation) values ('B9553', 'Laurie Jeaves', '1-9-2023', 'M', '35461 Dawn Road', 'Structural Analysis Engineer');
insert into Spring23_S003_12_Customer2 (Customer_id, Customer_Name, Dob, Gender, Address, Occupation) values ('W3406', 'Rhianon Leaman', '10-10-2022', 'F', '4 Saint Paul Pass', 'Budget/Accounting Analyst I');
insert into Spring23_S003_12_Customer2 (Customer_id, Customer_Name, Dob, Gender, Address, Occupation) values ('F7763', 'Briano Buddle', '12-6-2022', 'F', '9705 Hooker Hill', 'Dental Hygienist');
insert into Spring23_S003_12_Customer2 (Customer_id, Customer_Name, Dob, Gender, Address, Occupation) values ('M5883', 'Amelia Natwick', '9-8-2022', 'M', '880 Schmedeman Parkway', 'Executive Secretary');
insert into Spring23_S003_12_Customer2 (Customer_id, Customer_Name, Dob, Gender, Address, Occupation) values ('V3455', 'Amabel Trahar', '8-18-2022', 'F', '380 Forest Run Crossing', 'Computer Systems Analyst III');
insert into Spring23_S003_12_Customer2 (Customer_id, Customer_Name, Dob, Gender, Address, Occupation) values ('A9413', 'Kelsey Corneil', '3-17-2023', 'F', '22 Jay Circle', 'Help Desk Operator');
insert into Spring23_S003_12_Customer2 (Customer_id, Customer_Name, Dob, Gender, Address, Occupation) values ('Y1655', 'Bo Buttrum', '9-9-2022', 'M', '07416 Meadow Vale Plaza', 'Systems Administrator II');
insert into Spring23_S003_12_Customer2 (Customer_id, Customer_Name, Dob, Gender, Address, Occupation) values ('M3122', 'Riccardo Mollen', '12-18-2022', 'M', '0565 Schmedeman Center', 'Quality Control Specialist');
insert into Spring23_S003_12_Customer2 (Customer_id, Customer_Name, Dob, Gender, Address, Occupation) values ('X4561', 'Jabez Aronstein', '8-10-2022', 'F', '211 Manitowish Hill', 'Budget/Accounting Analyst IV');
insert into Spring23_S003_12_Customer2 (Customer_id, Customer_Name, Dob, Gender, Address, Occupation) values ('B8662', 'Selle Edgett', '11-9-2022', 'F', '85 Schmedeman Trail', 'Structural Analysis Engineer');
insert into Spring23_S003_12_Customer2 (Customer_id, Customer_Name, Dob, Gender, Address, Occupation) values ('O4197', 'Mayne Elwood', '10-6-2022', 'M', '8392 3rd Street', 'Tax Accountant');
insert into Spring23_S003_12_Customer2 (Customer_id, Customer_Name, Dob, Gender, Address, Occupation) values ('Y0831', 'Isobel Light', '4-9-2023', 'F', '6495 Eastlawn Court', 'Dental Hygienist');
insert into Spring23_S003_12_Customer2 (Customer_id, Customer_Name, Dob, Gender, Address, Occupation) values ('K9171', 'Wald Prestner', '11-5-2022', 'M', '04 Corry Court', 'Web Developer II');
insert into Spring23_S003_12_Customer2 (Customer_id, Customer_Name, Dob, Gender, Address, Occupation) values ('N5089', 'Eldin Albers', '4-30-2022', 'M', '682 Ronald Regan Pass', 'Librarian');
insert into Spring23_S003_12_Customer2 (Customer_id, Customer_Name, Dob, Gender, Address, Occupation) values ('L7444', 'Alma Ealles', '5-24-2022', 'M', '6229 Lake View Parkway', 'Human Resources Manager');





insert into Spring23_S003_12_Subscription1 (Customer_id, Subscription_ID) values ('Y0831', 'vkin-48777');
insert into Spring23_S003_12_Subscription1 (Customer_id, Subscription_ID) values ('Z1989', 'irvn-54367');
insert into Spring23_S003_12_Subscription1 (Customer_id, Subscription_ID) values ('A9413', 'rekq-78385');
insert into Spring23_S003_12_Subscription1 (Customer_id, Subscription_ID) values ('I0685', 'xszg-56850');
insert into Spring23_S003_12_Subscription1 (Customer_id, Subscription_ID) values ('A2427', 'lnlz-01218');
insert into Spring23_S003_12_Subscription1 (Customer_id, Subscription_ID) values ('P9275', 'joyc-91610');
insert into Spring23_S003_12_Subscription1 (Customer_id, Subscription_ID) values ('O4197', 'szit-44485');
insert into Spring23_S003_12_Subscription1 (Customer_id, Subscription_ID) values ('K9191', 'vwqt-09243');
insert into Spring23_S003_12_Subscription1 (Customer_id, Subscription_ID) values ('I3481', 'vwxb-47660');
insert into Spring23_S003_12_Subscription1 (Customer_id, Subscription_ID) values ('Y5716', 'iwdv-15625');
insert into Spring23_S003_12_Subscription1 (Customer_id, Subscription_ID) values ('U7811', 'yeqn-64870');
insert into Spring23_S003_12_Subscription1 (Customer_id, Subscription_ID) values ('A7016', 'hmpx-05497');
insert into Spring23_S003_12_Subscription1 (Customer_id, Subscription_ID) values ('S6508', 'ujkl-49989');
insert into Spring23_S003_12_Subscription1 (Customer_id, Subscription_ID) values ('V8270', 'qrah-19069');
insert into Spring23_S003_12_Subscription1 (Customer_id, Subscription_ID) values ('S6127', 'rtfr-52754');
insert into Spring23_S003_12_Subscription1 (Customer_id, Subscription_ID) values ('B0684', 'bnzp-05237');
insert into Spring23_S003_12_Subscription1 (Customer_id, Subscription_ID) values ('J8258', 'vodd-02342');
insert into Spring23_S003_12_Subscription1 (Customer_id, Subscription_ID) values ('E5743', 'iqoy-73632');
insert into Spring23_S003_12_Subscription1 (Customer_id, Subscription_ID) values ('E2238', 'fwtm-34513');
insert into Spring23_S003_12_Subscription1 (Customer_id, Subscription_ID) values ('E1322', 'wpin-93203');
insert into Spring23_S003_12_Subscription1 (Customer_id, Subscription_ID) values ('M3122', 'ooeh-87530');
insert into Spring23_S003_12_Subscription1 (Customer_id, Subscription_ID) values ('M2133', 'dblr-90487');
insert into Spring23_S003_12_Subscription1 (Customer_id, Subscription_ID) values ('I4700', 'nxnb-74686');
insert into Spring23_S003_12_Subscription1 (Customer_id, Subscription_ID) values ('E7886', 'ogvk-41965');
insert into Spring23_S003_12_Subscription1 (Customer_id, Subscription_ID) values ('B9553', 'kykb-20712');
insert into Spring23_S003_12_Subscription1 (Customer_id, Subscription_ID) values ('W4881', 'mrrn-22792');
insert into Spring23_S003_12_Subscription1 (Customer_id, Subscription_ID) values ('W3406', 'jrvd-35886');
insert into Spring23_S003_12_Subscription1 (Customer_id, Subscription_ID) values ('F7763', 'fguv-97293');
insert into Spring23_S003_12_Subscription1 (Customer_id, Subscription_ID) values ('M5883', 'fqse-42874');
insert into Spring23_S003_12_Subscription1 (Customer_id, Subscription_ID) values ('M3958', 'jxyb-46242');
insert into Spring23_S003_12_Subscription1 (Customer_id, Subscription_ID) values ('H3100', 'cldi-83724');
insert into Spring23_S003_12_Subscription1 (Customer_id, Subscription_ID) values ('K4175', 'ykfv-84225');
insert into Spring23_S003_12_Subscription1 (Customer_id, Subscription_ID) values ('D3170', 'uhuc-76654');
insert into Spring23_S003_12_Subscription1 (Customer_id, Subscription_ID) values ('N5089', 'swmb-54440');
insert into Spring23_S003_12_Subscription1 (Customer_id, Subscription_ID) values ('U3662', 'buor-01503');
insert into Spring23_S003_12_Subscription1 (Customer_id, Subscription_ID) values ('S6079', 'nhfj-71418');
insert into Spring23_S003_12_Subscription1 (Customer_id, Subscription_ID) values ('W6783', 'irzb-14361');
insert into Spring23_S003_12_Subscription1 (Customer_id, Subscription_ID) values ('A4646', 'qiyr-86928');
insert into Spring23_S003_12_Subscription1 (Customer_id, Subscription_ID) values ('I9810', 'mgfx-09851');
insert into Spring23_S003_12_Subscription1 (Customer_id, Subscription_ID) values ('C8297', 'padg-23701');
insert into Spring23_S003_12_Subscription1 (Customer_id, Subscription_ID) values ('P9243', 'onzf-59835');
insert into Spring23_S003_12_Subscription1 (Customer_id, Subscription_ID) values ('J6843', 'gldk-73013');
insert into Spring23_S003_12_Subscription1 (Customer_id, Subscription_ID) values ('F1719', 'qnqw-11378');
insert into Spring23_S003_12_Subscription1 (Customer_id, Subscription_ID) values ('U2716', 'fusj-27332');
insert into Spring23_S003_12_Subscription1 (Customer_id, Subscription_ID) values ('P4957', 'qazg-22158');
insert into Spring23_S003_12_Subscription1 (Customer_id, Subscription_ID) values ('J7487', 'kdag-01330');
insert into Spring23_S003_12_Subscription1 (Customer_id, Subscription_ID) values ('L7319', 'chst-02943');
insert into Spring23_S003_12_Subscription1 (Customer_id, Subscription_ID) values ('V3599', 'eyie-70806');
insert into Spring23_S003_12_Subscription1 (Customer_id, Subscription_ID) values ('J0304', 'zmar-13431');
insert into Spring23_S003_12_Subscription1 (Customer_id, Subscription_ID) values ('Y1655', 'snlq-42009');
insert into Spring23_S003_12_Subscription1 (Customer_id, Subscription_ID) values ('L2229', 'ndxt-84751');









insert into Spring23_S003_12_Customer_Phoneno (Customer_id, Phno) values ('J7487', '6269344450');
insert into Spring23_S003_12_Customer_Phoneno (Customer_id, Phno) values ('Y1655', '2727202402');
insert into Spring23_S003_12_Customer_Phoneno (Customer_id, Phno) values ('S6508', '2310816322');
insert into Spring23_S003_12_Customer_Phoneno (Customer_id, Phno) values ('F7763', '2449647295');
insert into Spring23_S003_12_Customer_Phoneno (Customer_id, Phno) values ('J6843', '6993064372');
insert into Spring23_S003_12_Customer_Phoneno (Customer_id, Phno) values ('I3481', '8436641179');
insert into Spring23_S003_12_Customer_Phoneno (Customer_id, Phno) values ('E7886', '5269774094');
insert into Spring23_S003_12_Customer_Phoneno (Customer_id, Phno) values ('P9243', '6378106388');
insert into Spring23_S003_12_Customer_Phoneno (Customer_id, Phno) values ('V3599', '4120112700');
insert into Spring23_S003_12_Customer_Phoneno (Customer_id, Phno) values ('Y0831', '8139348332');
insert into Spring23_S003_12_Customer_Phoneno (Customer_id, Phno) values ('T1336', '3138198010');
insert into Spring23_S003_12_Customer_Phoneno (Customer_id, Phno) values ('O4197', '7826847815');
insert into Spring23_S003_12_Customer_Phoneno (Customer_id, Phno) values ('J0304', '3494674656');
insert into Spring23_S003_12_Customer_Phoneno (Customer_id, Phno) values ('V8270', '5189741879');
insert into Spring23_S003_12_Customer_Phoneno (Customer_id, Phno) values ('B0684', '2167179924');
insert into Spring23_S003_12_Customer_Phoneno (Customer_id, Phno) values ('H3100', '1637695365');
insert into Spring23_S003_12_Customer_Phoneno (Customer_id, Phno) values ('U3662', '8154554106');
insert into Spring23_S003_12_Customer_Phoneno (Customer_id, Phno) values ('F1719', '5139652775');
insert into Spring23_S003_12_Customer_Phoneno (Customer_id, Phno) values ('B9553', '8665666788');
insert into Spring23_S003_12_Customer_Phoneno (Customer_id, Phno) values ('P9275', '2207083953');
insert into Spring23_S003_12_Customer_Phoneno (Customer_id, Phno) values ('N5089', '2227334974');
insert into Spring23_S003_12_Customer_Phoneno (Customer_id, Phno) values ('Y5716', '8646529835');
insert into Spring23_S003_12_Customer_Phoneno (Customer_id, Phno) values ('K9191', '2269825912');
insert into Spring23_S003_12_Customer_Phoneno (Customer_id, Phno) values ('N5089', '7831606334');
insert into Spring23_S003_12_Customer_Phoneno (Customer_id, Phno) values ('I0685', '5035440683');
insert into Spring23_S003_12_Customer_Phoneno (Customer_id, Phno) values ('Y5716', '1560080372');
insert into Spring23_S003_12_Customer_Phoneno (Customer_id, Phno) values ('S6079', '4712511313');
insert into Spring23_S003_12_Customer_Phoneno (Customer_id, Phno) values ('F1719', '7496143182');
insert into Spring23_S003_12_Customer_Phoneno (Customer_id, Phno) values ('L7319', '5990256269');
insert into Spring23_S003_12_Customer_Phoneno (Customer_id, Phno) values ('Z1989', '9596821894');
insert into Spring23_S003_12_Customer_Phoneno (Customer_id, Phno) values ('H3100', '2124452516');
insert into Spring23_S003_12_Customer_Phoneno (Customer_id, Phno) values ('W6783', '5114094851');
insert into Spring23_S003_12_Customer_Phoneno (Customer_id, Phno) values ('F1719', '5668969727');
insert into Spring23_S003_12_Customer_Phoneno (Customer_id, Phno) values ('U3662', '5124553398');
insert into Spring23_S003_12_Customer_Phoneno (Customer_id, Phno) values ('M3122', '5056253558');
insert into Spring23_S003_12_Customer_Phoneno (Customer_id, Phno) values ('Y5716', '5003053565');
insert into Spring23_S003_12_Customer_Phoneno (Customer_id, Phno) values ('N5089', '1878429413');
insert into Spring23_S003_12_Customer_Phoneno (Customer_id, Phno) values ('J7487', '9765964645');
insert into Spring23_S003_12_Customer_Phoneno (Customer_id, Phno) values ('E2238', '1190785173');
insert into Spring23_S003_12_Customer_Phoneno (Customer_id, Phno) values ('W3406', '3607174697');
insert into Spring23_S003_12_Customer_Phoneno (Customer_id, Phno) values ('T1336', '9985768401');
insert into Spring23_S003_12_Customer_Phoneno (Customer_id, Phno) values ('L7319', '8307432135');
insert into Spring23_S003_12_Customer_Phoneno (Customer_id, Phno) values ('V8270', '9340408129');
insert into Spring23_S003_12_Customer_Phoneno (Customer_id, Phno) values ('M5883', '1972375321');
insert into Spring23_S003_12_Customer_Phoneno (Customer_id, Phno) values ('U7811', '7782794103');
insert into Spring23_S003_12_Customer_Phoneno (Customer_id, Phno) values ('F1719', '6586900921');
insert into Spring23_S003_12_Customer_Phoneno (Customer_id, Phno) values ('J8258', '1475276803');
insert into Spring23_S003_12_Customer_Phoneno (Customer_id, Phno) values ('B0684', '9328035915');
insert into Spring23_S003_12_Customer_Phoneno (Customer_id, Phno) values ('P9275', '2662126662');
insert into Spring23_S003_12_Customer_Phoneno (Customer_id, Phno) values ('E1322', '7603627866');
insert into Spring23_S003_12_Customer_Phoneno (Customer_id, Phno) values ('I4700', '4254622992');
insert into Spring23_S003_12_Customer_Phoneno (Customer_id, Phno) values ('W4881', '6200526086');
insert into Spring23_S003_12_Customer_Phoneno (Customer_id, Phno) values ('J8258', '5445970838');
insert into Spring23_S003_12_Customer_Phoneno (Customer_id, Phno) values ('E1322', '4594819283');
insert into Spring23_S003_12_Customer_Phoneno (Customer_id, Phno) values ('E5743', '5036633016');
insert into Spring23_S003_12_Customer_Phoneno (Customer_id, Phno) values ('J6843', '8649757484');
insert into Spring23_S003_12_Customer_Phoneno (Customer_id, Phno) values ('J6843', '9231424076');
insert into Spring23_S003_12_Customer_Phoneno (Customer_id, Phno) values ('A4646', '7628026960');
insert into Spring23_S003_12_Customer_Phoneno (Customer_id, Phno) values ('L2229', '3070432293');
insert into Spring23_S003_12_Customer_Phoneno (Customer_id, Phno) values ('B0684', '7240368070');









insert into Spring23_S003_12_customer_order (Customer_id, Order_id) values ('S6127', 'cGh-63');
insert into Spring23_S003_12_customer_order (Customer_id, Order_id) values ('M3122', 'ZAT-08');
insert into Spring23_S003_12_customer_order (Customer_id, Order_id) values ('S6127', 'dJA-95');
insert into Spring23_S003_12_customer_order (Customer_id, Order_id) values ('W6783', '9dE-05');
insert into Spring23_S003_12_customer_order (Customer_id, Order_id) values ('J8258', 'Isi-19');
insert into Spring23_S003_12_customer_order (Customer_id, Order_id) values ('B9553', 'Tfx-90');
insert into Spring23_S003_12_customer_order (Customer_id, Order_id) values ('M3958', 'VYB-17');
insert into Spring23_S003_12_customer_order (Customer_id, Order_id) values ('M3122', 'md3-48');
insert into Spring23_S003_12_customer_order (Customer_id, Order_id) values ('E5743', '0VZ-23');
insert into Spring23_S003_12_customer_order (Customer_id, Order_id) values ('E1322', 'Pwf-35');
insert into Spring23_S003_12_customer_order (Customer_id, Order_id) values ('K4175', 'STW-65');
insert into Spring23_S003_12_customer_order (Customer_id, Order_id) values ('M3122', 'fbV-90');
insert into Spring23_S003_12_customer_order (Customer_id, Order_id) values ('I0685', 'NYb-65');
insert into Spring23_S003_12_customer_order (Customer_id, Order_id) values ('I0685', 'wtz-70');
insert into Spring23_S003_12_customer_order (Customer_id, Order_id) values ('L7444', 'bdz-70');
insert into Spring23_S003_12_customer_order (Customer_id, Order_id) values ('I4700', 'Ffa-21');
insert into Spring23_S003_12_customer_order (Customer_id, Order_id) values ('J6843', 'DeE-93');
insert into Spring23_S003_12_customer_order (Customer_id, Order_id) values ('A2427', 'PIa-50');
insert into Spring23_S003_12_customer_order (Customer_id, Order_id) values ('J6843', 'vHY-25');
insert into Spring23_S003_12_customer_order (Customer_id, Order_id) values ('O4197', '3LD-54');
insert into Spring23_S003_12_customer_order (Customer_id, Order_id) values ('E1322', 'fqc-80');
insert into Spring23_S003_12_customer_order (Customer_id, Order_id) values ('U3662', 'wQT-75');
insert into Spring23_S003_12_customer_order (Customer_id, Order_id) values ('A9413', 'Io8-21');
insert into Spring23_S003_12_customer_order (Customer_id, Order_id) values ('L2229', 'kVQ-58');
insert into Spring23_S003_12_customer_order (Customer_id, Order_id) values ('D3170', 'FP1-61');
insert into Spring23_S003_12_customer_order (Customer_id, Order_id) values ('A4646', 'C42-60');
insert into Spring23_S003_12_customer_order (Customer_id, Order_id) values ('K9191', 'Ud9-00');
insert into Spring23_S003_12_customer_order (Customer_id, Order_id) values ('M5883', 'tFv-20');
insert into Spring23_S003_12_customer_order (Customer_id, Order_id) values ('S6079', '7th-19');
insert into Spring23_S003_12_customer_order (Customer_id, Order_id) values ('C8297', 'ckL-27');
insert into Spring23_S003_12_customer_order (Customer_id, Order_id) values ('Y1655', 'CXT-14');
insert into Spring23_S003_12_customer_order (Customer_id, Order_id) values ('V8270', 'Csm-32');
insert into Spring23_S003_12_customer_order (Customer_id, Order_id) values ('S6508', 'NdD-80');
insert into Spring23_S003_12_customer_order (Customer_id, Order_id) values ('A4646', 'RAG-35');
insert into Spring23_S003_12_customer_order (Customer_id, Order_id) values ('M2133', 'Smg-92');
insert into Spring23_S003_12_customer_order (Customer_id, Order_id) values ('L7319', '8tc-25');
insert into Spring23_S003_12_customer_order (Customer_id, Order_id) values ('I9810', 't0X-93');
insert into Spring23_S003_12_customer_order (Customer_id, Order_id) values ('Z1989', 'M01-06');
insert into Spring23_S003_12_customer_order (Customer_id, Order_id) values ('Y0831', '4VU-69');
insert into Spring23_S003_12_customer_order (Customer_id, Order_id) values ('A4646', 'naJ-11');
insert into Spring23_S003_12_customer_order (Customer_id, Order_id) values ('F1719', 'iO7-48');
insert into Spring23_S003_12_customer_order (Customer_id, Order_id) values ('D3170', 'aSf-05');
insert into Spring23_S003_12_customer_order (Customer_id, Order_id) values ('C8297', 'yyt-86');
insert into Spring23_S003_12_customer_order (Customer_id, Order_id) values ('I9810', 'EDy-64');
insert into Spring23_S003_12_customer_order (Customer_id, Order_id) values ('I4700', 'oN2-98');
insert into Spring23_S003_12_customer_order (Customer_id, Order_id) values ('J8258', 'At2-91');
insert into Spring23_S003_12_customer_order (Customer_id, Order_id) values ('V8270', 'gKv-19');
insert into Spring23_S003_12_customer_order (Customer_id, Order_id) values ('E7886', 'SgG-79');
insert into Spring23_S003_12_customer_order (Customer_id, Order_id) values ('V8270', 'Exp-58');
insert into Spring23_S003_12_customer_order (Customer_id, Order_id) values ('N5089', '0yb-40');
insert into Spring23_S003_12_customer_order (Customer_id, Order_id) values ('J8258', 'avw-69');
insert into Spring23_S003_12_customer_order (Customer_id, Order_id) values ('P9243', 'tR2-82');
insert into Spring23_S003_12_customer_order (Customer_id, Order_id) values ('J6843', '5yU-36');
insert into Spring23_S003_12_customer_order (Customer_id, Order_id) values ('S6508', '4g1-81');












insert into Spring23_S003_12_Subscription2 (Subscription_ID, Subscription_start_Date, Subscription_end_Date) values ('vkin-48777', '2023-07-23', '2023-12-11');
insert into Spring23_S003_12_Subscription2 (Subscription_ID, Subscription_start_Date, Subscription_end_Date) values ('ithj-51647', '2023-01-02', '2023-12-27');
insert into Spring23_S003_12_Subscription2 (Subscription_ID, Subscription_start_Date, Subscription_end_Date) values ('fqse-42874', '2023-12-10', '2024-06-06');
insert into Spring23_S003_12_Subscription2 (Subscription_ID, Subscription_start_Date, Subscription_end_Date) values ('felb-81667', '2023-12-01', '2024-02-02');
insert into Spring23_S003_12_Subscription2 (Subscription_ID, Subscription_start_Date, Subscription_end_Date) values ('nxnb-74686', '2022-12-23', '2023-11-04');
insert into Spring23_S003_12_Subscription2 (Subscription_ID, Subscription_start_Date, Subscription_end_Date) values ('lnlz-01218', '2022-08-19', '2023-07-25');
insert into Spring23_S003_12_Subscription2 (Subscription_ID, Subscription_start_Date, Subscription_end_Date) values ('eyie-70806', '2024-03-22', '2024-09-02');
insert into Spring23_S003_12_Subscription2 (Subscription_ID, Subscription_start_Date, Subscription_end_Date) values ('avhy-06632', '2023-10-23', '2024-08-08');
insert into Spring23_S003_12_Subscription2 (Subscription_ID, Subscription_start_Date, Subscription_end_Date) values ('vwqt-09243', '2022-12-06', '2023-02-04');
insert into Spring23_S003_12_Subscription2 (Subscription_ID, Subscription_start_Date, Subscription_end_Date) values ('xbix-94021', '2024-02-01', '2025-01-09');
insert into Spring23_S003_12_Subscription2 (Subscription_ID, Subscription_start_Date, Subscription_end_Date) values ('joyc-91610', '2023-05-11', '2023-05-24');
insert into Spring23_S003_12_Subscription2 (Subscription_ID, Subscription_start_Date, Subscription_end_Date) values ('nyts-45972', '2023-03-04', '2023-10-16');
insert into Spring23_S003_12_Subscription2 (Subscription_ID, Subscription_start_Date, Subscription_end_Date) values ('buor-01503', '2023-03-21', '2024-01-08');
insert into Spring23_S003_12_Subscription2 (Subscription_ID, Subscription_start_Date, Subscription_end_Date) values ('qiyr-86928', '2024-08-16', '2024-09-18');
insert into Spring23_S003_12_Subscription2 (Subscription_ID, Subscription_start_Date, Subscription_end_Date) values ('jofa-88186', '2024-04-29', '2025-01-19');
insert into Spring23_S003_12_Subscription2 (Subscription_ID, Subscription_start_Date, Subscription_end_Date) values ('gxfh-87384', '2022-11-09', '2023-02-13');
insert into Spring23_S003_12_Subscription2 (Subscription_ID, Subscription_start_Date, Subscription_end_Date) values ('fusj-27332', '2023-02-16', '2023-04-26');
insert into Spring23_S003_12_Subscription2 (Subscription_ID, Subscription_start_Date, Subscription_end_Date) values ('padg-23701', '2023-01-02', '2023-04-12');
insert into Spring23_S003_12_Subscription2 (Subscription_ID, Subscription_start_Date, Subscription_end_Date) values ('yeqn-64870', '2023-05-10', '2023-10-14');
insert into Spring23_S003_12_Subscription2 (Subscription_ID, Subscription_start_Date, Subscription_end_Date) values ('zmar-13431', '2023-05-04', '2023-06-29');
insert into Spring23_S003_12_Subscription2 (Subscription_ID, Subscription_start_Date, Subscription_end_Date) values ('hmpx-05497', '2023-08-23', '2024-02-17');
insert into Spring23_S003_12_Subscription2 (Subscription_ID, Subscription_start_Date, Subscription_end_Date) values ('snlq-42009', '2023-07-12', '2023-07-19');
insert into Spring23_S003_12_Subscription2 (Subscription_ID, Subscription_start_Date, Subscription_end_Date) values ('nhfj-71418', '2022-08-10', '2022-09-08');
insert into Spring23_S003_12_Subscription2 (Subscription_ID, Subscription_start_Date, Subscription_end_Date) values ('bfyd-66816', '2023-05-23', '2024-04-23');
insert into Spring23_S003_12_Subscription2 (Subscription_ID, Subscription_start_Date, Subscription_end_Date) values ('hugm-06627', '2024-01-02', '2024-08-29');
insert into Spring23_S003_12_Subscription2 (Subscription_ID, Subscription_start_Date, Subscription_end_Date) values ('fwtm-34513', '2023-04-30', '2024-03-06');
insert into Spring23_S003_12_Subscription2 (Subscription_ID, Subscription_start_Date, Subscription_end_Date) values ('qrah-19069', '2023-08-24', '2023-12-25');
insert into Spring23_S003_12_Subscription2 (Subscription_ID, Subscription_start_Date, Subscription_end_Date) values ('ooeh-87530', '2023-08-21', '2023-11-02');
insert into Spring23_S003_12_Subscription2 (Subscription_ID, Subscription_start_Date, Subscription_end_Date) values ('oioh-81816', '2024-06-02', '2025-04-14');
insert into Spring23_S003_12_Subscription2 (Subscription_ID, Subscription_start_Date, Subscription_end_Date) values ('swmb-54440', '2024-04-13', '2025-02-20');
insert into Spring23_S003_12_Subscription2 (Subscription_ID, Subscription_start_Date, Subscription_end_Date) values ('kdag-01330', '2022-12-04', '2023-06-12');
insert into Spring23_S003_12_Subscription2 (Subscription_ID, Subscription_start_Date, Subscription_end_Date) values ('kykb-20712', '2022-09-04', '2022-11-30');
insert into Spring23_S003_12_Subscription2 (Subscription_ID, Subscription_start_Date, Subscription_end_Date) values ('uhuc-76654', '2022-05-25', '2022-08-25');
insert into Spring23_S003_12_Subscription2 (Subscription_ID, Subscription_start_Date, Subscription_end_Date) values ('cldi-83724', '2023-05-31', '2023-08-21');
insert into Spring23_S003_12_Subscription2 (Subscription_ID, Subscription_start_Date, Subscription_end_Date) values ('iwdv-15625', '2022-11-02', '2022-12-09');
insert into Spring23_S003_12_Subscription2 (Subscription_ID, Subscription_start_Date, Subscription_end_Date) values ('ytpc-50902', '2022-12-23', '2023-04-29');
insert into Spring23_S003_12_Subscription2 (Subscription_ID, Subscription_start_Date, Subscription_end_Date) values ('irzb-14361', '2023-07-21', '2024-03-07');
insert into Spring23_S003_12_Subscription2 (Subscription_ID, Subscription_start_Date, Subscription_end_Date) values ('dblr-90487', '2024-04-20', '2025-01-30');
insert into Spring23_S003_12_Subscription2 (Subscription_ID, Subscription_start_Date, Subscription_end_Date) values ('bnzp-05237', '2023-04-02', '2023-10-23');
insert into Spring23_S003_12_Subscription2 (Subscription_ID, Subscription_start_Date, Subscription_end_Date) values ('cdgq-68582', '2022-07-03', '2023-05-15');
insert into Spring23_S003_12_Subscription2 (Subscription_ID, Subscription_start_Date, Subscription_end_Date) values ('rtfr-52754', '2022-02-14', '2022-09-14');
insert into Spring23_S003_12_Subscription2 (Subscription_ID, Subscription_start_Date, Subscription_end_Date) values ('xrav-01026', '2023-02-12', '2023-07-18');
insert into Spring23_S003_12_Subscription2 (Subscription_ID, Subscription_start_Date, Subscription_end_Date) values ('ujkl-49989', '2023-06-11', '2024-02-19');
insert into Spring23_S003_12_Subscription2 (Subscription_ID, Subscription_start_Date, Subscription_end_Date) values ('dtwj-05590', '2023-04-16', '2023-06-29');
insert into Spring23_S003_12_Subscription2 (Subscription_ID, Subscription_start_Date, Subscription_end_Date) values ('jxyb-46242', '2023-10-19', '2023-12-23');
insert into Spring23_S003_12_Subscription2 (Subscription_ID, Subscription_start_Date, Subscription_end_Date) values ('xszg-56850', '2022-10-26', '2022-11-04');
insert into Spring23_S003_12_Subscription2 (Subscription_ID, Subscription_start_Date, Subscription_end_Date) values ('iqoy-73632', '2024-01-03', '2024-10-04');
insert into Spring23_S003_12_Subscription2 (Subscription_ID, Subscription_start_Date, Subscription_end_Date) values ('rekq-78385', '2023-11-07', '2023-11-18');
insert into Spring23_S003_12_Subscription2 (Subscription_ID, Subscription_start_Date, Subscription_end_Date) values ('qnqw-11378', '2023-11-28', '2024-09-29');
insert into Spring23_S003_12_Subscription2 (Subscription_ID, Subscription_start_Date, Subscription_end_Date) values ('dpjg-83976', '2022-12-29', '2023-07-06');
insert into Spring23_S003_12_Subscription2 (Subscription_ID, Subscription_start_Date, Subscription_end_Date) values ('onzf-59835', '2024-12-09', '2025-05-05');
insert into Spring23_S003_12_Subscription2 (Subscription_ID, Subscription_start_Date, Subscription_end_Date) values ('szit-44485', '2023-05-27', '2023-11-24');
insert into Spring23_S003_12_Subscription2 (Subscription_ID, Subscription_start_Date, Subscription_end_Date) values ('nvvr-29491', '2023-07-12', '2023-10-12');
insert into Spring23_S003_12_Subscription2 (Subscription_ID, Subscription_start_Date, Subscription_end_Date) values ('mgfx-09851', '2023-04-19', '2024-02-10');
insert into Spring23_S003_12_Subscription2 (Subscription_ID, Subscription_start_Date, Subscription_end_Date) values ('fguv-97293', '2023-07-10', '2023-08-16');
insert into Spring23_S003_12_Subscription2 (Subscription_ID, Subscription_start_Date, Subscription_end_Date) values ('gldk-73013', '2024-02-21', '2024-03-25');








insert into Spring23_S003_12_Subscription_mealkit (Subscription_ID, mealkit_id) values ('onzf-59835', 'MEAL-1763');
insert into Spring23_S003_12_Subscription_mealkit (Subscription_ID, mealkit_id) values ('qnqw-11378', 'MEAL-5292');
insert into Spring23_S003_12_Subscription_mealkit (Subscription_ID, mealkit_id) values ('qazg-22158', 'MEAL-8260');
insert into Spring23_S003_12_Subscription_mealkit (Subscription_ID, mealkit_id) values ('uhuc-76654', 'MEAL-8572');
insert into Spring23_S003_12_Subscription_mealkit (Subscription_ID, mealkit_id) values ('uhuc-76654', 'MEAL-0231');
insert into Spring23_S003_12_Subscription_mealkit (Subscription_ID, mealkit_id) values ('jxyb-46242', 'MEAL-1222');
insert into Spring23_S003_12_Subscription_mealkit (Subscription_ID, mealkit_id) values ('nhfj-71418', 'MEAL-0187');
insert into Spring23_S003_12_Subscription_mealkit (Subscription_ID, mealkit_id) values ('qazg-22158', 'MEAL-1022');
insert into Spring23_S003_12_Subscription_mealkit (Subscription_ID, mealkit_id) values ('ogvk-41965', 'MEAL-0431');
insert into Spring23_S003_12_Subscription_mealkit (Subscription_ID, mealkit_id) values ('fusj-27332', 'MEAL-1089');
insert into Spring23_S003_12_Subscription_mealkit (Subscription_ID, mealkit_id) values ('fusj-27332', 'MEAL-4117');
insert into Spring23_S003_12_Subscription_mealkit (Subscription_ID, mealkit_id) values ('vodd-02342', 'MEAL-6281');
insert into Spring23_S003_12_Subscription_mealkit (Subscription_ID, mealkit_id) values ('zmar-13431', 'MEAL-7144');
insert into Spring23_S003_12_Subscription_mealkit (Subscription_ID, mealkit_id) values ('rtfr-52754', 'MEAL-6449');
insert into Spring23_S003_12_Subscription_mealkit (Subscription_ID, mealkit_id) values ('vwqt-09243', 'MEAL-1869');
insert into Spring23_S003_12_Subscription_mealkit (Subscription_ID, mealkit_id) values ('lnlz-01218', 'MEAL-3443');
insert into Spring23_S003_12_Subscription_mealkit (Subscription_ID, mealkit_id) values ('irvn-54367', 'MEAL-3799');
insert into Spring23_S003_12_Subscription_mealkit (Subscription_ID, mealkit_id) values ('xszg-56850', 'MEAL-7304');
insert into Spring23_S003_12_Subscription_mealkit (Subscription_ID, mealkit_id) values ('gldk-73013', 'MEAL-5320');
insert into Spring23_S003_12_Subscription_mealkit (Subscription_ID, mealkit_id) values ('fusj-27332', 'MEAL-5122');
insert into Spring23_S003_12_Subscription_mealkit (Subscription_ID, mealkit_id) values ('irzb-14361', 'MEAL-7959');
insert into Spring23_S003_12_Subscription_mealkit (Subscription_ID, mealkit_id) values ('kdag-01330', 'MEAL-1268');
insert into Spring23_S003_12_Subscription_mealkit (Subscription_ID, mealkit_id) values ('nhfj-71418', 'MEAL-8930');
insert into Spring23_S003_12_Subscription_mealkit (Subscription_ID, mealkit_id) values ('ogvk-41965', 'MEAL-0887');
insert into Spring23_S003_12_Subscription_mealkit (Subscription_ID, mealkit_id) values ('onzf-59835', 'MEAL-9425');
insert into Spring23_S003_12_Subscription_mealkit (Subscription_ID, mealkit_id) values ('vwqt-09243', 'MEAL-6749');
insert into Spring23_S003_12_Subscription_mealkit (Subscription_ID, mealkit_id) values ('rekq-78385', 'MEAL-4929');
insert into Spring23_S003_12_Subscription_mealkit (Subscription_ID, mealkit_id) values ('iqoy-73632', 'MEAL-4795');
insert into Spring23_S003_12_Subscription_mealkit (Subscription_ID, mealkit_id) values ('fusj-27332', 'MEAL-7398');
insert into Spring23_S003_12_Subscription_mealkit (Subscription_ID, mealkit_id) values ('fusj-27332', 'MEAL-9252');
insert into Spring23_S003_12_Subscription_mealkit (Subscription_ID, mealkit_id) values ('mrrn-22792', 'MEAL-7480');
insert into Spring23_S003_12_Subscription_mealkit (Subscription_ID, mealkit_id) values ('zmar-13431', 'MEAL-3460');
insert into Spring23_S003_12_Subscription_mealkit (Subscription_ID, mealkit_id) values ('fwtm-34513', 'MEAL-0507');
insert into Spring23_S003_12_Subscription_mealkit (Subscription_ID, mealkit_id) values ('mgfx-09851', 'MEAL-3693');
insert into Spring23_S003_12_Subscription_mealkit (Subscription_ID, mealkit_id) values ('nhfj-71418', 'MEAL-0519');
insert into Spring23_S003_12_Subscription_mealkit (Subscription_ID, mealkit_id) values ('hmpx-05497', 'MEAL-9896');
insert into Spring23_S003_12_Subscription_mealkit (Subscription_ID, mealkit_id) values ('fguv-97293', 'MEAL-1078');
insert into Spring23_S003_12_Subscription_mealkit (Subscription_ID, mealkit_id) values ('irzb-14361', 'MEAL-7983');
insert into Spring23_S003_12_Subscription_mealkit (Subscription_ID, mealkit_id) values ('mgfx-09851', 'MEAL-0718');
insert into Spring23_S003_12_Subscription_mealkit (Subscription_ID, mealkit_id) values ('fqse-42874', 'MEAL-6876');
insert into Spring23_S003_12_Subscription_mealkit (Subscription_ID, mealkit_id) values ('bnzp-05237', 'MEAL-4055');
insert into Spring23_S003_12_Subscription_mealkit (Subscription_ID, mealkit_id) values ('vkin-48777', 'MEAL-3422');
insert into Spring23_S003_12_Subscription_mealkit (Subscription_ID, mealkit_id) values ('vodd-02342', 'MEAL-9141');
insert into Spring23_S003_12_Subscription_mealkit (Subscription_ID, mealkit_id) values ('irzb-14361', 'MEAL-9617');
insert into Spring23_S003_12_Subscription_mealkit (Subscription_ID, mealkit_id) values ('iwdv-15625', 'MEAL-8000');
insert into Spring23_S003_12_Subscription_mealkit (Subscription_ID, mealkit_id) values ('vkin-48777', 'MEAL-7701');
insert into Spring23_S003_12_Subscription_mealkit (Subscription_ID, mealkit_id) values ('wpin-93203', 'MEAL-9311');
insert into Spring23_S003_12_Subscription_mealkit (Subscription_ID, mealkit_id) values ('padg-23701', 'MEAL-6901');
insert into Spring23_S003_12_Subscription_mealkit (Subscription_ID, mealkit_id) values ('qazg-22158', 'MEAL-6128');
insert into Spring23_S003_12_Subscription_mealkit (Subscription_ID, mealkit_id) values ('dblr-90487', 'MEAL-9059');
insert into Spring23_S003_12_Subscription_mealkit (Subscription_ID, mealkit_id) values ('ndxt-84751', 'MEAL-5242');
insert into Spring23_S003_12_Subscription_mealkit (Subscription_ID, mealkit_id) values ('padg-23701', 'MEAL-3553');
insert into Spring23_S003_12_Subscription_mealkit (Subscription_ID, mealkit_id) values ('lnlz-01218', 'MEAL-6094');
insert into Spring23_S003_12_Subscription_mealkit (Subscription_ID, mealkit_id) values ('fwtm-34513', 'MEAL-6522');
insert into Spring23_S003_12_Subscription_mealkit (Subscription_ID, mealkit_id) values ('ndxt-84751', 'MEAL-0092');
insert into Spring23_S003_12_Subscription_mealkit (Subscription_ID, mealkit_id) values ('irvn-54367', 'MEAL-1159');











insert into Spring23_S003_12_orders1 (Customer_id, Order_timestamp, Order_id) values ('P9275', '2024-01-04 11:03:09', 'M01-06');
insert into Spring23_S003_12_orders1 (Customer_id, Order_timestamp, Order_id) values ('Y1655', '2023-12-06 05:00:19', 'CzR-80');
insert into Spring23_S003_12_orders1 (Customer_id, Order_timestamp, Order_id) values ('B9553', '2022-06-26 09:59:11', '5yU-36');
insert into Spring23_S003_12_orders1 (Customer_id, Order_timestamp, Order_id) values ('P9275', '2023-01-25 17:54:52', 'SjM-22');
insert into Spring23_S003_12_orders1 (Customer_id, Order_timestamp, Order_id) values ('N5089', '2023-08-10 02:04:14', '1Jc-20');
insert into Spring23_S003_12_orders1 (Customer_id, Order_timestamp, Order_id) values ('W6783', '2024-02-01 00:19:40', '0sn-96');
insert into Spring23_S003_12_orders1 (Customer_id, Order_timestamp, Order_id) values ('F1719', '2023-04-02 01:57:56', 'Ud9-00');
insert into Spring23_S003_12_orders1 (Customer_id, Order_timestamp, Order_id) values ('Y1655', '2023-08-10 08:01:56', 'COL-32');
insert into Spring23_S003_12_orders1 (Customer_id, Order_timestamp, Order_id) values ('W3406', '2023-08-19 19:10:52', 'Tfx-90');
insert into Spring23_S003_12_orders1 (Customer_id, Order_timestamp, Order_id) values ('W6783', '2023-08-07 18:54:09', 'naJ-11');
insert into Spring23_S003_12_orders1 (Customer_id, Order_timestamp, Order_id) values ('T1336', '2023-06-14 01:29:22', '3LD-54');
insert into Spring23_S003_12_orders1 (Customer_id, Order_timestamp, Order_id) values ('T1336', '2023-08-11 16:44:46', '1kM-52');
insert into Spring23_S003_12_orders1 (Customer_id, Order_timestamp, Order_id) values ('T1336', '2024-03-25 04:56:03', 'Isi-19');
insert into Spring23_S003_12_orders1 (Customer_id, Order_timestamp, Order_id) values ('O4197', '2024-05-09 23:01:48', 'BaE-48');
insert into Spring23_S003_12_orders1 (Customer_id, Order_timestamp, Order_id) values ('S6127', '2024-02-02 15:54:38', 'Y1D-01');
insert into Spring23_S003_12_orders1 (Customer_id, Order_timestamp, Order_id) values ('M5883', '2023-06-05 20:41:20', 'ckL-27');
insert into Spring23_S003_12_orders1 (Customer_id, Order_timestamp, Order_id) values ('W4881', '2023-03-09 22:40:35', 'gKv-19');
insert into Spring23_S003_12_orders1 (Customer_id, Order_timestamp, Order_id) values ('U2716', '2024-06-28 17:04:43', 'fxb-91');
insert into Spring23_S003_12_orders1 (Customer_id, Order_timestamp, Order_id) values ('U2716', '2023-06-09 17:30:57', '9jW-75');
insert into Spring23_S003_12_orders1 (Customer_id, Order_timestamp, Order_id) values ('A4646', '2022-06-08 12:48:47', 'STW-65');
insert into Spring23_S003_12_orders1 (Customer_id, Order_timestamp, Order_id) values ('P4957', '2023-10-31 22:30:31', 't0X-93');
insert into Spring23_S003_12_orders1 (Customer_id, Order_timestamp, Order_id) values ('F7763', '2023-06-16 05:36:09', 'f3I-10');
insert into Spring23_S003_12_orders1 (Customer_id, Order_timestamp, Order_id) values ('K9191', '2023-11-30 10:42:35', 'iG8-17');
insert into Spring23_S003_12_orders1 (Customer_id, Order_timestamp, Order_id) values ('E2238', '2023-02-11 03:21:03', 'RAG-35');
insert into Spring23_S003_12_orders1 (Customer_id, Order_timestamp, Order_id) values ('W4881', '2023-03-31 00:42:54', 'ak7-77');
insert into Spring23_S003_12_orders1 (Customer_id, Order_timestamp, Order_id) values ('P9275', '2023-12-04 20:01:06', 'KOc-61');
insert into Spring23_S003_12_orders1 (Customer_id, Order_timestamp, Order_id) values ('U3662', '2023-07-11 03:10:33', 'tFv-20');
insert into Spring23_S003_12_orders1 (Customer_id, Order_timestamp, Order_id) values ('P9275', '2024-08-10 13:05:01', 'ikW-30');
insert into Spring23_S003_12_orders1 (Customer_id, Order_timestamp, Order_id) values ('Z1989', '2023-08-10 21:39:29', 'fbV-90');
insert into Spring23_S003_12_orders1 (Customer_id, Order_timestamp, Order_id) values ('U7811', '2023-07-27 19:10:08', 'pBt-91');
insert into Spring23_S003_12_orders1 (Customer_id, Order_timestamp, Order_id) values ('M2133', '2023-03-31 10:55:50', 'sMi-44');
insert into Spring23_S003_12_orders1 (Customer_id, Order_timestamp, Order_id) values ('A4646', '2024-03-14 11:50:38', 'BYR-03');
insert into Spring23_S003_12_orders1 (Customer_id, Order_timestamp, Order_id) values ('E5743', '2022-09-17 01:17:24', '7th-19');
insert into Spring23_S003_12_orders1 (Customer_id, Order_timestamp, Order_id) values ('I9810', '2024-05-25 15:47:59', 'md3-48');
insert into Spring23_S003_12_orders1 (Customer_id, Order_timestamp, Order_id) values ('I9810', '2022-07-27 15:16:38', 'Pw4-48');
insert into Spring23_S003_12_orders1 (Customer_id, Order_timestamp, Order_id) values ('W3406', '2023-08-06 03:28:49', 'C42-60');
insert into Spring23_S003_12_orders1 (Customer_id, Order_timestamp, Order_id) values ('Z1989', '2022-02-21 09:43:39', 'wtz-70');
insert into Spring23_S003_12_orders1 (Customer_id, Order_timestamp, Order_id) values ('W6783', '2024-01-02 06:08:15', '9dE-05');
insert into Spring23_S003_12_orders1 (Customer_id, Order_timestamp, Order_id) values ('A9413', '2023-11-17 06:33:02', 'ziH-15');
insert into Spring23_S003_12_orders1 (Customer_id, Order_timestamp, Order_id) values ('L2229', '2023-08-05 22:16:50', 'tR2-82');
insert into Spring23_S003_12_orders1 (Customer_id, Order_timestamp, Order_id) values ('U3662', '2022-10-05 03:07:05', 'NYb-65');
insert into Spring23_S003_12_orders1 (Customer_id, Order_timestamp, Order_id) values ('O4197', '2023-09-29 06:28:28', 'Io8-21');
insert into Spring23_S003_12_orders1 (Customer_id, Order_timestamp, Order_id) values ('E1322', '2022-11-14 14:54:02', 'PIa-50');
insert into Spring23_S003_12_orders1 (Customer_id, Order_timestamp, Order_id) values ('L7444', '2022-07-21 15:59:24', 'wQT-75');
insert into Spring23_S003_12_orders1 (Customer_id, Order_timestamp, Order_id) values ('E5743', '2023-08-24 18:17:09', 'wQ6-94');
insert into Spring23_S003_12_orders1 (Customer_id, Order_timestamp, Order_id) values ('A9413', '2024-01-14 04:22:52', 'l1s-58');
insert into Spring23_S003_12_orders1 (Customer_id, Order_timestamp, Order_id) values ('U7811', '2023-03-21 22:50:45', '8tc-25');
insert into Spring23_S003_12_orders1 (Customer_id, Order_timestamp, Order_id) values ('I0685', '2023-06-24 08:37:11', 'wP3-80');
insert into Spring23_S003_12_orders1 (Customer_id, Order_timestamp, Order_id) values ('F7763', '2023-04-24 14:28:09', 'Csm-32');
insert into Spring23_S003_12_orders1 (Customer_id, Order_timestamp, Order_id) values ('E5743', '2023-11-06 21:27:53', 'At2-91');
insert into Spring23_S003_12_orders1 (Customer_id, Order_timestamp, Order_id) values ('J0304', '2024-02-28 11:55:28', '4VU-69');
insert into Spring23_S003_12_orders1 (Customer_id, Order_timestamp, Order_id) values ('M5883', '2022-09-18 14:46:00', 'EDy-64');
insert into Spring23_S003_12_orders1 (Customer_id, Order_timestamp, Order_id) values ('L7319', '2023-07-15 22:42:27', '0VZ-23');
insert into Spring23_S003_12_orders1 (Customer_id, Order_timestamp, Order_id) values ('T1336', '2024-11-02 00:01:10', 'FP1-61');
insert into Spring23_S003_12_orders1 (Customer_id, Order_timestamp, Order_id) values ('I9810', '2024-05-12 21:19:01', 'eGF-84');
insert into Spring23_S003_12_orders1 (Customer_id, Order_timestamp, Order_id) values ('M5883', '2022-05-08 13:19:01', 'SgG-79');












insert into Spring23_S003_12_orders2 (Mealkit_id, Order_id) values ('MEAL-6901', 'EDy-64');
insert into Spring23_S003_12_orders2 (Mealkit_id, Order_id) values ('MEAL-2237', 'RAG-35');
insert into Spring23_S003_12_orders2 (Mealkit_id, Order_id) values ('MEAL-1078', 't0X-93');
insert into Spring23_S003_12_orders2 (Mealkit_id, Order_id) values ('MEAL-0507', 'STW-65');
insert into Spring23_S003_12_orders2 (Mealkit_id, Order_id) values ('MEAL-5259', '1Jc-20');
insert into Spring23_S003_12_orders2 (Mealkit_id, Order_id) values ('MEAL-1268', 'pBt-91');
insert into Spring23_S003_12_orders2 (Mealkit_id, Order_id) values ('MEAL-8260', 'ikW-30');
insert into Spring23_S003_12_orders2 (Mealkit_id, Order_id) values ('MEAL-4981', 'wtz-70');
insert into Spring23_S003_12_orders2 (Mealkit_id, Order_id) values ('MEAL-1100', 'sMi-44');
insert into Spring23_S003_12_orders2 (Mealkit_id, Order_id) values ('MEAL-2155', 'wQ6-94');
insert into Spring23_S003_12_orders2 (Mealkit_id, Order_id) values ('MEAL-7398', 'ziH-15');
insert into Spring23_S003_12_orders2 (Mealkit_id, Order_id) values ('MEAL-4055', 'SjM-22');
insert into Spring23_S003_12_orders2 (Mealkit_id, Order_id) values ('MEAL-2251', 'BYR-03');
insert into Spring23_S003_12_orders2 (Mealkit_id, Order_id) values ('MEAL-1102', 'ckL-27');
insert into Spring23_S003_12_orders2 (Mealkit_id, Order_id) values ('MEAL-4117', 'fbV-90');
insert into Spring23_S003_12_orders2 (Mealkit_id, Order_id) values ('MEAL-7617', 'Isi-19');
insert into Spring23_S003_12_orders2 (Mealkit_id, Order_id) values ('MEAL-5122', 'wQ6-94');
insert into Spring23_S003_12_orders2 (Mealkit_id, Order_id) values ('MEAL-7144', 't0X-93');
insert into Spring23_S003_12_orders2 (Mealkit_id, Order_id) values ('MEAL-6127', 'PIa-50');
insert into Spring23_S003_12_orders2 (Mealkit_id, Order_id) values ('MEAL-9252', 'STW-65');
insert into Spring23_S003_12_orders2 (Mealkit_id, Order_id) values ('MEAL-3799', 'SjM-22');
insert into Spring23_S003_12_orders2 (Mealkit_id, Order_id) values ('MEAL-2751', 'SgG-79');
insert into Spring23_S003_12_orders2 (Mealkit_id, Order_id) values ('MEAL-6281', '1kM-52');
insert into Spring23_S003_12_orders2 (Mealkit_id, Order_id) values ('MEAL-9472', 'pBt-91');
insert into Spring23_S003_12_orders2 (Mealkit_id, Order_id) values ('MEAL-6693', 'gKv-19');
insert into Spring23_S003_12_orders2 (Mealkit_id, Order_id) values ('MEAL-1763', 'sMi-44');
insert into Spring23_S003_12_orders2 (Mealkit_id, Order_id) values ('MEAL-4929', 'Io8-21');
insert into Spring23_S003_12_orders2 (Mealkit_id, Order_id) values ('MEAL-9896', 't0X-93');
insert into Spring23_S003_12_orders2 (Mealkit_id, Order_id) values ('MEAL-0718', '7th-19');
insert into Spring23_S003_12_orders2 (Mealkit_id, Order_id) values ('MEAL-9763', 'ak7-77');
insert into Spring23_S003_12_orders2 (Mealkit_id, Order_id) values ('MEAL-5292', 'NYb-65');
insert into Spring23_S003_12_orders2 (Mealkit_id, Order_id) values ('MEAL-0431', '1Jc-20');
insert into Spring23_S003_12_orders2 (Mealkit_id, Order_id) values ('MEAL-9141', '8tc-25');
insert into Spring23_S003_12_orders2 (Mealkit_id, Order_id) values ('MEAL-6876', '0VZ-23');
insert into Spring23_S003_12_orders2 (Mealkit_id, Order_id) values ('MEAL-8930', '1kM-52');
insert into Spring23_S003_12_orders2 (Mealkit_id, Order_id) values ('MEAL-4795', 'f3I-10');
insert into Spring23_S003_12_orders2 (Mealkit_id, Order_id) values ('MEAL-6094', 'pBt-91');
insert into Spring23_S003_12_orders2 (Mealkit_id, Order_id) values ('MEAL-8572', 'NYb-65');
insert into Spring23_S003_12_orders2 (Mealkit_id, Order_id) values ('MEAL-0029', 'wQT-75');
insert into Spring23_S003_12_orders2 (Mealkit_id, Order_id) values ('MEAL-5242', 'gKv-19');
insert into Spring23_S003_12_orders2 (Mealkit_id, Order_id) values ('MEAL-6519', 'RAG-35');
insert into Spring23_S003_12_orders2 (Mealkit_id, Order_id) values ('MEAL-7480', 'eGF-84');
insert into Spring23_S003_12_orders2 (Mealkit_id, Order_id) values ('MEAL-3443', 'ak7-77');
insert into Spring23_S003_12_orders2 (Mealkit_id, Order_id) values ('MEAL-9059', '9dE-05');
insert into Spring23_S003_12_orders2 (Mealkit_id, Order_id) values ('MEAL-7304', '9jW-75');
insert into Spring23_S003_12_orders2 (Mealkit_id, Order_id) values ('MEAL-3213', 'C42-60');
insert into Spring23_S003_12_orders2 (Mealkit_id, Order_id) values ('MEAL-3693', 'naJ-11');
insert into Spring23_S003_12_orders2 (Mealkit_id, Order_id) values ('MEAL-1022', 'STW-65');
insert into Spring23_S003_12_orders2 (Mealkit_id, Order_id) values ('MEAL-6846', 'ikW-30');
insert into Spring23_S003_12_orders2 (Mealkit_id, Order_id) values ('MEAL-4556', 'iG8-17');
insert into Spring23_S003_12_orders2 (Mealkit_id, Order_id) values ('MEAL-1703', 'SgG-79');
insert into Spring23_S003_12_orders2 (Mealkit_id, Order_id) values ('MEAL-3460', 'wQT-75');
insert into Spring23_S003_12_orders2 (Mealkit_id, Order_id) values ('MEAL-9436', '4VU-69');
insert into Spring23_S003_12_orders2 (Mealkit_id, Order_id) values ('MEAL-9785', '9dE-05');
insert into Spring23_S003_12_orders2 (Mealkit_id, Order_id) values ('MEAL-0519', 'COL-32');
insert into Spring23_S003_12_orders2 (Mealkit_id, Order_id) values ('MEAL-3422', 'C42-60');
insert into Spring23_S003_12_orders2 (Mealkit_id, Order_id) values ('MEAL-5295', 'ziH-15');

